1,00268789-e3e5-492a-b28a-66cabccb1787,paper
2,00a5540b-2a01-4833-85bb-34c8467e9030,paper
3,00c09b7f-01f2-4b13-9350-ec985306c394,paper
4,0282f52a-3228-4727-b84e-e15559869742,paper
5,02b1af18-1d17-45fe-96a0-917eed8ce27d,paper
6,02b47809-61fc-472f-be3d-2007acfaf5e5,paper
7,02ee4008-089e-4097-8a2c-6d41068a4133,paper
8,0481a25e-989b-4ed7-9ac4-7cb599e24f8f,paper
9,0594624e-f058-43a0-809c-3266ef2693e6,paper
10,05a634b4-4a9d-4f35-921b-e63fab8f704b,paper
11,05aeb2d4-b717-4a3d-92a8-beaea93d3e4a,paper
12,05dd4fad-3e42-4a15-9f7f-fc12599ea6af,paper
13,06567767-ebe4-4c1f-8d11-275ca8aa9bb9,paper
14,06678ba3-931f-4a35-b9eb-6b6f7e5e9a6f,paper
15,06d23dd5-1f53-4f14-9a9f-e6ce66b00cef,paper
16,071f4ae2-8fa6-49e2-88d0-f582ba323232,paper
17,07430183-8101-4fdf-92e5-b2a79bd2dc68,paper
18,0760a499-bca5-4dde-89e5-30f963cf6890,paper
19,08e78a63-81f5-4afa-94ea-54f23d916f58,paper
20,09308b99-e185-429a-bd46-132f612598ef,paper
21,0937ae09-e25c-45f0-984e-ef9ce38d2b31,paper
22,09abdf25-18fd-4892-be7c-21178d29f0d8,paper
23,09b989db-8eeb-4d1b-a3ae-02edd5af920d,paper
24,09e7c042-b664-4926-b147-1a287be0c558,paper
25,0ab0e88f-d967-4594-9f95-b81503a27fcb,paper
26,0abb97b7-b553-47b5-8d1e-c3318e43c0ea,paper
27,0b4be42c-2b38-4bdc-8926-52b53b72b5a2,paper
28,0bb3cdd7-1c6b-4bd4-8e35-d5421feb1da0,paper
29,0cd490ee-d8f4-4e77-adb2-56e663ac128a,paper
30,0cd673c1-10d2-41cf-a658-c3a7fd8dae02,paper
31,0ce4cf1b-68fc-4ff8-8676-eaf952863377,paper
32,0d3bbaa7-f390-46f7-a8cb-c4182da8c3a8,paper
33,0e8b5b70-4573-405b-90c7-a726c6bc4ad5,paper
34,0fb82e0f-c67a-480a-8099-9c71b0f255fb,paper
35,10528455-0deb-47f9-9283-f34d2678fb94,paper
36,105e49b2-e8de-41c5-9434-f8a4f83d1ec3,paper
37,1073a8f0-83f1-4d9b-af74-761c99c6a51b,paper
38,10927041-c6dd-4f3e-a24d-5e89acc57cea,paper
39,10f8ad3d-a914-4a98-a3e1-f1273dae01d3,paper
40,1110e2e4-b342-4fc9-bf33-7e2c27055ede,paper
41,11f9d1d9-42de-44a3-af07-3d67872fc3e0,paper
42,120b4e3d-0ebf-49b0-b11d-0802f03f0d26,paper
43,128bf3d5-dd5c-424b-a757-14199bff50b4,paper
44,1336f36a-3906-43a2-b49b-5a72b1ab508b,paper
45,13b27b75-6af9-45df-9d89-70a99096cef6,paper
46,1594d63f-5027-4cb2-9264-213ff71671a6,paper
47,15fefbcb-0dc2-480e-b7fa-fc7081b542f6,paper
48,16f6f060-f5d2-454e-940e-077a7370cc7f,paper
49,174698fc-41c3-4dfe-b882-c26aee596647,paper
50,17d0a9dc-3055-4f34-a55b-f239a6cd4412,paper
51,181a9c2e-b0b0-468b-bde0-c443000a252d,paper
52,18515e1e-0e9b-4201-9579-3b3414ec9dc3,paper
53,18d8a206-415e-42d4-8e0b-67994c01979d,paper
54,18e54d92-3571-4303-b4a2-5841664f5f20,paper
55,193ffa9b-4739-4312-906a-5c46c4e4a88e,paper
56,195a5318-4a32-42fd-a0cf-02951f9a19b9,paper
57,1a7616e5-7686-4ded-b918-93d63b0fd9ec,paper
58,1ac781f4-77e3-4dc3-891e-9b9c898cb611,paper
59,1b64d5c4-afce-47e3-acd7-45c077be98ed,paper
60,1b64f07f-6e1c-4425-9518-3e007ad40b6d,paper
61,1c09dde8-2b6e-4a5b-aa87-4bfd3f7e63b9,paper
62,1c1fa2e2-c9b8-4058-9041-034edcce96bf,paper
63,1d0060f3-068e-4907-ac00-540612e32b37,paper
64,1d8e2c9a-2431-4ce9-adf9-7adee0a1c050,paper
65,1d9a4d2c-9fab-431b-bbc2-7370db1a7111,paper
66,1e64f7a4-23e2-46e1-933d-ac55b70ecab4,paper
67,1f8d317d-126c-4733-a885-e1f169bafca4,paper
68,2069be53-d4ea-4302-9f64-f07763065605,paper
69,207a0342-2c8f-49f7-ac7e-de8976156ca3,paper
70,20d0efe0-a853-4755-8d32-8c51856c34f2,paper
71,20e38a61-2c90-4295-bc80-e271c1eaff9b,paper
72,21332ee6-60d1-470c-9cbd-2b9b3ed644dd,paper
73,2138b8bb-ac33-4d5b-a6c5-b5dd9ef1bc81,paper
74,21722874-5d7c-4397-a5b8-b0563593525f,paper
75,21b2ea40-8cf4-46c1-855f-97131a24fbd0,paper
76,2224914c-d651-4977-9749-c1a25b3ee8c4,paper
77,22272711-93d4-4dcd-9e52-cd7d1e5b4f48,paper
78,2393be24-109d-43b0-a00f-dd5681758e4a,paper
79,23b20861-4f83-493c-8f3e-a54cfe0b47e2,paper
80,24d49570-8ab7-478e-88e4-174355fa1faa,paper
81,24e924df-06df-48c3-a346-875d0b83d993,paper
82,2592dff0-9375-4eff-ab73-245bd0fcaa52,paper
83,25aab7c9-f4d8-4636-83d5-c34d6da6130e,paper
84,25cf67f5-fd06-477e-9ce9-2abab4bdc1f5,paper
85,2679253a-5263-4869-8ea7-507eeb1f664d,paper
86,269e0974-3fe3-4583-9550-4b1e2eb35735,paper
87,26a79033-af0c-4230-b279-2bf683ddd0f6,paper
88,2712d682-79d8-416a-816a-d88e16c735a4,paper
89,275595fc-c8a3-4ab5-9fd1-c287bd08a3e4,paper
90,277282c0-f1fc-4a79-837c-c5a28c2634fc,paper
91,27755297-f1ab-465e-be3d-cdab9312eb74,paper
92,27811d49-ef02-48a5-8169-4210a47ba55c,paper
93,27898796-656d-4d1f-a43b-36abeece8d10,paper
94,27b6bbf1-810f-4466-bd4e-6f338037b3a3,paper
95,284ecb97-dd95-4479-b881-099825f567c5,paper
96,2885fb28-b3de-4ac6-837a-4b574eb2bff7,paper
97,28c16034-be02-4605-afcb-89570696badf,paper
98,28fb4c0c-6caa-45e7-bb8c-c787297c84cc,paper
99,2913b0e5-5f7a-4b91-8217-1f17ea369549,paper
100,2922daae-55b2-4024-9be1-927b635ffe55,paper
101,29a29201-37c4-4766-86a7-f00bdc3249d2,paper
102,29a49d6c-7e9f-4b77-9f62-92c4ad74e0fc,paper
103,2a09c523-6c1c-4dfa-a3e5-6451d722b15b,paper
104,2a1bcd4f-66e4-4fd7-a284-cb6a680f690e,paper
105,2a41f48e-20fc-48f1-893d-d35c0d6f01ce,paper
106,2adc56df-b888-4262-85b6-29c9353fb4e3,paper
107,2ae1013b-efdb-4eea-a996-756f8637d4cd,paper
108,2b840eae-8720-461e-91ea-36e1e9598702,paper
109,2bbcdf8e-b80d-48c6-a492-28464622cb10,paper
110,2c8ef837-3655-4828-ae2c-f400a8ca8f49,paper
111,2cef2120-a61f-4e27-8840-406bdc730e6b,paper
112,2d0bed52-d95d-4711-b25d-96d726fbd876,paper
113,2d1a25c1-10c5-4e3a-8891-d1ff7910f41c,paper
114,2d3bcf15-d907-44c6-9650-eede974bc5a1,paper
115,2d420725-56a9-4ed2-aab7-e1d24c8162a3,paper
116,2d727e51-e139-43af-a520-5f87cfef302e,paper
117,2d88b621-7b03-4493-b742-4cddd1f708b7,paper
118,2d9930f5-5c6a-4c0a-84d2-cc4432f419e5,paper
119,2de37624-bb45-4c4c-8073-0047d823466b,paper
120,2e14cdfb-e816-42f8-b6f0-94a36da61f1c,paper
121,2eefcc19-ad01-4cfa-a3c5-f3f880b79589,paper
122,2f083eef-5d0b-44c7-9454-0d2590ed5c07,paper
123,2fa06dae-d8ac-447c-8882-26ea254ec2ae,paper
124,3042f6bd-eb69-47c6-ac3e-24b478de309d,paper
125,3071695a-2efb-4626-bcdd-4b924645012d,paper
126,30e28932-0c56-472d-bf78-34a67b55e6f6,paper
127,31238ed7-ae1e-4293-81ba-41a519156bec,paper
128,322721aa-e1f5-4684-9134-c22857828b96,paper
129,32544aae-8745-4a4c-ac31-e80080bdd057,paper
130,32caf665-09cc-4ab4-8ce9-0f5ac3833d61,paper
131,33801b82-b556-4ee6-8fae-b4370228f384,paper
132,33879111-9bad-4b07-93fa-2c0fc30b8cd2,paper
133,3389fe9a-7e1c-4594-bb3b-dbff33b144c2,paper
134,33ea1fb6-213a-4755-8344-a57221316145,paper
135,33f38581-becd-43d4-abe6-bfead842a385,paper
136,343022e4-fedc-4da6-aad4-ee9c8eb6ac0a,paper
137,3449454e-e53d-4b55-a8f4-029b5fe2904c,paper
138,35b05686-7dd1-476b-ba28-f52a649048fc,paper
139,35fa5095-2456-4051-a712-b4a7ad708bd8,paper
140,361d8620-b4df-4964-a989-96f63123d7fe,paper
141,36f8fea1-496b-4da1-9c66-ec7c044005b9,paper
142,3700e34d-f1bb-46ef-bdd8-da5eae3a1cf2,paper
143,37ce4b3a-635e-4478-8676-07110d0a65e3,paper
144,38bda083-043b-47b4-b94d-9046ce353207,paper
145,38de47c4-43ca-4808-8634-83db867f3562,paper
146,3904b60c-f375-4337-9b48-395522e7ab83,paper
147,3ae2d067-290e-4ac4-926f-7b45ff4fd1c7,paper
148,3b30bbb5-91b1-4271-abf2-f3ed3bbc83d8,paper
149,3c835729-3cb7-4be2-9398-ca87bded2b84,paper
150,3d592c46-e917-4b06-9c35-d9f5c4597870,paper
151,3e29294c-d9d5-4648-820b-f945366f5c06,paper
152,3e4187ab-c4ba-497f-b221-c71747bc38e7,paper
153,3e6d8c2f-da77-4533-afb9-9322b7291438,paper
154,3eafdf8d-25cc-49b3-9ec3-41299c745481,paper
155,3eb5249d-11b0-48ab-96d7-19103a097d4b,paper
156,3ebcb096-82c8-4f58-9b53-7b7f888c5d68,paper
157,3ec79d40-0b25-4013-8a41-9fd43e8bad8b,paper
158,3ecc9ed5-4a7e-4526-9879-1398308fa9e9,paper
159,3edb10df-b4f3-44f0-a679-cd544367a3ec,paper
160,3f1a2e1c-ff2a-4198-9a93-f41ccf30c4ac,paper
161,3f2f85a1-f923-43d8-b0ba-3899bf37e3c5,paper
162,3f7125bf-1107-420f-acb9-13682e6e3209,paper
163,3fb28096-7468-4f51-81bb-a31a0de52e85,paper
164,3fb910f4-a8bd-4464-993e-de71e76fd0d3,paper
165,3fc74d3f-0b3f-455c-9895-02070caf621c,paper
166,3fe2807e-a3ea-4236-928f-21a7fc4101d7,paper
167,400833dc-003c-420d-b988-a785e0dd9c21,paper
168,4012e6bb-571e-479f-a93c-e99925c02ecf,paper
169,40f86c9a-9c88-47e6-8649-2fcea7c02380,paper
170,4182b7c1-6789-4fd1-be4e-3ed30d96cfb7,paper
171,41dec34e-d39d-496a-b1f1-f256c5969247,paper
172,41e60ace-61ad-4e5d-a8c7-37c35d2fa099,paper
173,41fe4552-2eb2-4102-b0a2-3ec415225df7,paper
174,42c903f8-9313-4b07-ac7b-1a71e10a1db8,paper
175,4334d2ea-c75e-4627-9bb0-6248c3343502,paper
176,442ae964-034f-4d6e-b084-3eed593f71a3,paper
177,44c6a10a-5266-45ab-99a2-bc7b547e5f43,paper
178,44cf6e96-8c15-4686-ba2b-ef3c0f0fe761,paper
179,44e3f6e3-4afc-42ae-9d0d-d8e5a7fa33d5,paper
180,454845a9-1824-4dee-b35f-a5c8f78a9b26,paper
181,45f96ea4-6fd6-4fc8-9366-14ed7c07e6d9,paper
182,46df37cd-5107-4ca7-b1bf-c3075de6ad0c,paper
183,47706641-11f6-4fea-8419-4ebc65fa0ca4,paper
184,478c60f0-2062-46f0-8893-598fafaa177a,paper
185,47dfebb9-522b-4cc7-abe9-f4bfab632867,paper
186,484f098d-f207-4960-998b-c0eb999fb984,paper
187,48918ba8-3f14-443e-a768-a6a2ad8b9c65,paper
188,48e1275d-443e-4e00-8fd0-8a41fbc2f2fc,paper
189,496d0fae-bc87-4b37-95e0-de9616464ea8,paper
190,49dcf6bd-73cb-4611-bb31-be81c7632d37,paper
191,4a088092-ba97-480a-9cbe-c629225b5b9f,paper
192,4a5df184-44bb-4034-84f5-dbe0156e8bf4,paper
193,4a813f98-7454-4b6d-8c88-6445351f3c7f,paper
194,4a9f84fa-e9fd-4986-8c51-472464625fa6,paper
195,4aefcb10-8ee4-47c5-a7fa-b5a51e1d95c3,paper
196,4b8789ad-ca8f-4ac1-a0bc-1d445c4d58aa,paper
197,4ccdce6a-ae3c-42d0-92e7-19b6edc3eed6,paper
198,4d0b4edd-cd64-4bf6-850a-791eca11e03b,paper
199,4d3e2bea-a67c-4ce5-89ce-8521f8b3c45b,paper
200,4eef67dc-7d77-4c05-9eb1-590b06dd21c6,paper
201,4f36fccb-5486-4aa5-b192-1a74b22e24c7,paper
202,4f5cc606-da95-4c8b-af1a-c1bb7ed3c1be,paper
203,504a1d81-34a6-47e4-95d8-3ecd82d5947e,paper
204,51365862-0755-457b-ae4f-e7a2fc9188d9,paper
205,51f66804-7582-4db3-85a4-040e20fcd856,paper
206,523d85f2-fb5c-441f-b424-60d085ab6f9b,paper
207,52559f59-8418-4857-8a53-3521c33ccfc2,paper
208,5367cebc-451e-4600-9b73-cf4ec7d2441e,paper
209,53748713-67b3-4153-9555-2c03941b9cb7,paper
210,538326b0-9edb-4211-930c-12580e7afa7a,paper
211,53fb0dd4-418b-43c7-a212-c51632d4e251,paper
212,54249658-239b-407f-8f16-aa51d95a56ee,paper
213,547383bc-6ad9-4e4f-bfd3-4d5ece3b4381,paper
214,54b74064-fe7e-4a2d-96cd-4ba9120eaf64,paper
215,55898bcb-2bd6-4aa3-9cc3-ab16320dc8c8,paper
216,55ea717d-a989-4bf7-81cb-5a06889cac0b,paper
217,55f67bce-226f-47bd-b0b0-4e951caa2ad0,paper
218,56a1736e-2815-46b4-b781-4f77f545b49d,paper
219,589eac01-0173-443d-a30a-6d9cc3468803,paper
220,58d4564e-cc1f-4fba-9dd5-ec50b7b7c807,paper
221,58daf276-9966-4053-9372-52c25da14e73,paper
222,5916e990-f24d-4d70-afd0-f4a82ff397db,paper
223,59a67adf-4a58-4611-9688-1ed3e28c725a,paper
224,59b0134a-2de2-4fd9-9191-790f74217c3d,paper
225,59c72f59-313f-4ee0-bc62-c8b4b9e5cf6a,paper
226,5a11d7ae-a61d-404b-bf6a-a1cab9c8a223,paper
227,5af8f8a1-983a-4eb5-8ddc-ce1cdb797800,paper
228,5c420e30-6c16-4458-81eb-11b928f480b3,paper
229,5d19389b-d260-4896-bbe7-6c1e1c2f512a,paper
230,5dcc2f2a-2be3-49c3-a90e-da5aa431a2eb,paper
231,5e9769f8-9e26-4135-aca2-e6f9ac455f0a,paper
232,5ed00727-fd0e-4cd8-95a0-5b2da6f72404,paper
233,5edc5c1e-55d5-443e-a59a-cad8fe65f087,paper
234,5ee4bffa-d7bd-4e53-8176-596d235ee8ec,paper
235,5ee929e2-63c0-42d6-a3c7-75fbfff9d5b3,paper
236,5eeb3b60-7618-4dfb-9918-524ac7f04ff4,paper
237,5f29d303-cce9-45e9-9c22-927b612248eb,paper
238,5f8ef30b-cdcc-4eed-8ba6-570e8beb44c3,paper
239,5fbfbb95-1e8b-418d-a5da-18a702dc0d7b,paper
240,5fcada56-89b5-4ed3-b35c-27ebaa7928af,paper
241,608d5fe5-0b39-45b4-a235-dd5af570ce46,paper
242,611c1ce8-ca54-453c-8aa8-5f07d236cbb0,paper
243,61db842b-6cd5-40c4-937e-791efce22862,paper
244,6208e9a9-77e7-4653-8c21-cd6a703554f7,paper
245,6269aff4-ca16-47c9-b05b-e82e7e4c0a19,paper
246,62e608b2-204c-4d2a-9d2f-e681738a4da2,paper
247,63466b2a-50a3-46d5-95ab-4a250b6a699e,paper
248,6349ca79-749e-46fa-9eec-fbc86a79a9ea,paper
249,634cd1ea-071b-4389-b302-a8eaefa3fb9a,paper
250,63b87a93-8b05-4de1-ac21-363f0e3ce287,paper
251,63c37edc-70b7-4810-bae5-6b3010d05ad8,paper
252,63e6a68a-9cbf-46b0-b6ae-a95e9e4504e2,paper
253,6415e9e4-cd4e-48d8-8bd8-b424e6a55895,paper
254,6422dc75-6694-4ad9-97ce-b92cf61bcf9d,paper
255,642f7a1a-ef4c-4ace-b927-8d5a8879c996,paper
256,65d20b93-82e0-4691-8480-14f9f3d180fe,paper
257,65e05588-bb8f-4c86-9c6c-2b7016ff31fe,paper
258,661f973b-54eb-465e-9fcb-e76bf67089dc,paper
259,66230d82-d1f9-4eb6-ab5c-82ddc4c991da,paper
260,66fa5a69-9574-4174-b9ce-e2fc886d2b49,paper
261,67120544-6922-43b2-9832-319b9d9148f4,paper
262,68a8decb-b03e-4009-9055-089002e7fb0b,paper
263,68e4e343-a3c9-4b35-94d8-2d343f6a3a1f,paper
264,6981398d-a65d-467c-9ae2-cc8a6ef4a90f,paper
265,6a230b13-302b-412c-8343-4964019eb87e,paper
266,6a45462d-e190-4db9-98db-c508a1715de4,paper
267,6a68ea71-2642-48cb-9491-e45af15c7f0b,paper
268,6ba44033-9970-4c78-96d9-22f0c70e4c36,paper
269,6c16f55c-b11d-4cef-b81d-b91438236126,paper
270,6d478b00-907e-498d-b439-3dd11b40e9f0,paper
271,6d7af6f9-c9b6-48d6-97a5-8f261e9d462e,paper
272,6db426fb-0720-4ca0-9fcb-d3834066fb2d,paper
273,6e3cf67e-5554-4768-bc02-a121d4f28107,paper
274,6e95a585-b70a-4072-9738-69d133107dff,paper
275,6fde2ac2-7f02-4564-94f4-210d626ddde5,paper
276,70f0f7f8-f0c2-4ed0-bfc1-df0c3f27e87f,paper
277,71450623-b027-4fe6-9bd1-efa12a8ac412,paper
278,71f48c4f-4f14-41eb-a838-2adbcf9350ec,paper
279,726a737a-69ea-4a6d-81a4-dfdee0be68cf,paper
280,72726610-60a9-4a83-8b87-65743d9d0e71,paper
281,729c17cb-a434-4563-b277-128483cef1d2,paper
282,74b3cc3e-ce5b-4c57-a0b7-a5048a8aa269,paper
283,74d28185-ff70-44f2-99cc-b3d68986fd93,paper
284,75a9cba4-e236-47f0-848a-a1b11de485ec,paper
285,773e2489-c269-4700-aab9-e662d34c55e7,paper
286,77d77c78-1c81-47d8-ad47-ffc3aa8198fd,paper
287,77e96b70-97aa-490a-99c0-023eb79e2ee8,paper
288,786bf53d-779d-482a-9d6e-41f973553d18,paper
289,78b7bee2-e70f-4a33-916f-5f11cdafeec2,paper
290,79ad1b1d-593f-4ec1-90e0-94147cbd4334,paper
291,7ac1f6fc-3568-4d8f-a601-4cc6424071ed,paper
292,7ac58519-c8a1-41db-8977-ab3d81965367,paper
293,7b212a93-d5ed-46a8-95f7-790b33117131,paper
294,7b7dcce0-33e3-4afd-9392-54a03a3b5e91,paper
295,7b9ee137-6763-40e3-a99b-e2792d480640,paper
296,7c30ee34-a2b9-44d4-93ec-0f06b7c94d81,paper
297,7c4990d9-85b0-4fcb-a5b4-e66d5588bd2a,paper
298,7cb18b21-769c-48cf-8737-e4ec7add092a,paper
299,7ce8e941-fe21-4d40-b035-9ecfdb973040,paper
300,7d7fcc73-d366-4e7d-94e8-69d133d077c9,paper
301,7dd0e2cf-6439-4f6c-8490-2eeebd416a47,paper
302,7e9219a8-b20d-46b6-b3a4-ea98a41b09cd,paper
303,7f83a17b-cc31-4469-90d3-8a269064fad9,paper
304,7fd6c364-9514-4d78-9e67-a80add822385,paper
305,801a5326-1061-41cb-9762-1fb95cbf124e,paper
306,80c37289-f453-45e6-a430-88a6a77f2c90,paper
307,80cffdac-fc47-4915-90fd-75b7d0ef574f,paper
308,8299900d-9d10-4fa1-82ae-144a39347141,paper
309,83bfec42-3bbb-4bd3-804a-4b28099d1435,paper
310,83eaa0e8-6ef3-41a5-b3da-40bd3328ddb7,paper
311,83ec3e5d-28f3-40ba-b061-bd7f82677272,paper
312,83fea0ca-34a9-4415-8c56-89a17ceaaff9,paper
313,840ae873-f2f8-4dad-817e-3f2c899315cc,paper
314,84b271be-0480-4195-abe8-78e668cb06ee,paper
315,8533c433-6e0e-4135-87ae-d8079587f992,paper
316,85381c29-1c51-4cb6-98b5-d0863c849b63,paper
317,855c5cd0-1fc9-49be-a3e8-0d3a34409366,paper
318,859b2c3f-ebf5-43b9-a285-4ac0fbfced2f,paper
319,85b1e475-7bc6-431a-b47f-119b36b6bead,paper
320,8651f585-6a8e-4f84-a765-9b8dbe50f2fc,paper
321,86988853-8366-4bb5-99b6-4c3b5ed7c5c9,paper
322,86dcd9a6-0664-433d-8d2d-e4abbd33cc93,paper
323,8791983b-05d8-44ce-b6fd-b7dc7e85c241,paper
324,87a34194-ce7b-4329-8b9c-16a2230358a3,paper
325,8806c7cb-c3fc-4b5f-bb4a-01675e1c90dc,paper
326,88821319-7320-4066-a367-8a2a3c733090,paper
327,88aacd04-b188-4c0d-9f2d-dbb83d24def5,paper
328,88fd43e7-c46a-4edf-9726-8c8e44a52ac0,paper
329,8955afa3-86b6-416a-a6eb-26fcb960f781,paper
330,896dda4f-cf87-4b25-a3b1-950b973cd095,paper
331,89a2d7f4-cfd2-4803-913f-7f6f408ce251,paper
332,89fa87b8-1867-44d0-8396-aaa0a91ffd85,paper
333,8ab4ecea-775e-47cb-94c7-8536bb83e573,paper
334,8ac3941f-4b9d-4cc6-bcd2-941653ea1579,paper
335,8ac77242-8b66-4518-8bdd-a4732101710f,paper
336,8ae87efc-7546-4a2b-8d74-6f8dfd605153,paper
337,8b0b6a49-69e8-4880-ace7-013db5cb14c0,paper
338,8b5983f9-8279-474c-95fe-12eb8544374d,paper
339,8c007f9d-94f9-45e0-b3d6-c2203f7992c6,paper
340,8c21330e-93f0-42d5-a961-92253fbbe41e,paper
341,8c228125-e8ad-4497-888e-9b68fd837bab,paper
342,8cfa9a3c-3fb6-4fb3-b626-a2f5ca730d93,paper
343,8d2531fd-967b-460c-b109-5ebaf767feb8,paper
344,8d539d74-9d02-431c-9817-039d3c345e52,paper
345,8d758f3a-dbe1-4178-954f-161887200482,paper
346,8e4a4803-aa61-4336-aebd-c6d7f566217f,paper
347,8e562480-e345-42a3-bd9d-d8540501ddbb,paper
348,8ea7544c-4543-4d68-b41a-5f05e19943b8,paper
349,8ea9af91-123b-4160-af68-f7565f88b719,paper
350,8edf2084-d0a6-40a0-8a73-b259190e916e,paper
351,8f7eea89-617f-4308-bf18-4a42c1a4ba33,paper
352,9034cb20-6031-491c-a293-7e17bd889318,paper
353,9099ba71-16c8-4990-9364-aa3ef191a9bd,paper
354,90c60ff0-1e6d-41d2-9183-33fd4f8b9208,paper
355,910b4b00-fa11-4372-820a-cad141df6442,paper
356,924d8a7e-5b3c-4d3b-bdc9-2dc2cd2d42d7,paper
357,927915f4-2969-42b2-890a-011bb7096639,paper
358,930e6608-7b38-4401-b81f-37ec63ebe420,paper
359,932e3317-19de-4d5a-98da-0ae91d066d84,paper
360,9395293c-ddec-4ab9-9cfb-126987a5c1ff,paper
361,93bb144a-e22d-420a-9338-68896a8dc830,paper
362,93f0131c-7a65-4fa3-9d70-49d0129ae7a1,paper
363,94039740-afaa-4b9a-bfb9-f96a9b000931,paper
364,94f648e1-4994-4aaa-9b0c-f594bccbf45f,paper
365,953d0076-bf9c-497b-a424-a0f2c17fb3fc,paper
366,95a5aac1-f53a-4dc6-8c0b-55a1cdf137a5,paper
367,96718b08-4a32-4aa3-b1e7-c7bb91609e7f,paper
368,9708398c-490a-4f4c-9e7c-6aa613834025,paper
369,972ac504-6f79-4315-b9ae-ec26bd7cd127,paper
370,9820bab2-1fd7-4bd2-8548-aa074267411d,paper
371,9832affd-f067-4cc9-8cb4-380c6e439011,paper
372,9854fc01-2244-4d3c-9f0a-6dfd27491ca9,paper
373,98885fe4-5531-4b10-b947-794b5167f52f,paper
374,98c496f4-cd32-496c-8605-c022fee513be,paper
375,98d8d078-993a-441b-b75a-4a9abb6fbede,paper
376,990d588d-bf52-41c1-9d8f-7070b6a1ad4d,paper
377,9910d11e-3d58-42eb-8fba-215894a18506,paper
378,9921ccbb-77b5-47eb-a350-775b1461fd7f,paper
379,992c15c3-2578-4f9d-ae15-eb671ecffa9d,paper
380,995d1e93-bc05-4e38-99ca-6d06cb0b68bd,paper
381,99ebbeb4-ca22-426c-929b-c3bd723b743b,paper
382,9a093717-acb1-493c-bcba-b867e98d0cdf,paper
383,9a8726b6-e0fc-422e-8c36-4c6deaad5d21,paper
384,9b2e731a-eb0f-46d0-b62b-0b5ef5a5ee60,paper
385,9b4b71a6-ec59-4f93-8ff2-731fcc33a402,paper
386,9b6c9b2a-6d94-4a18-8549-74eb82258c4d,paper
387,9bc19040-60e9-4f41-a2c6-689a4fd9f995,paper
388,9c034615-e45a-46c0-b3e8-d42a51c6f548,paper
389,9c810900-d1b7-47a6-8291-3f5d4e58dc16,paper
390,9cd0d720-adce-4bfb-9a8b-4a0e5ae67b3c,paper
391,9d4a0c24-ed51-46b8-a366-b0c240128e5e,paper
392,9d4c415f-f200-4907-b687-6324b71c9ead,paper
393,9d5bbd2e-ab9e-4212-8a6a-c673dd700279,paper
394,9dac1d95-a748-4671-a90a-28c5cfcfa14f,paper
395,9ef0d648-53b5-45ac-87f1-6227c1e7fd38,paper
396,9f23cb16-7bed-43a6-a983-d215a037c276,paper
397,9ff80ac6-4773-4369-a175-ebd77a6c8df6,paper
398,a014c462-5764-4c81-a6b8-66248567b3aa,paper
399,a021c21d-198f-4f4e-8a10-f17da27b55f7,paper
400,a094de23-cb53-49f9-aa45-69892182272a,paper
401,a0cf80ac-ed36-4cd7-bf3c-497ba31d3526,paper
402,a0f9134e-bc57-4d59-a672-d67165ba9be7,paper
403,a12d19d5-215a-4c35-ae11-ce8c8ca0ef26,paper
404,a15bd855-efc1-4738-a89b-d884aad8bec6,paper
405,a189b2cf-2fa3-439b-83cc-dc1a9f43c4fe,paper
406,a19d1de1-48c0-420c-93c3-b4f269a8205a,paper
407,a1c9c6c6-0601-4a2b-a713-a659f7e3e963,paper
408,a2eafc37-f998-4ddc-803a-ce55ded27416,paper
409,a336a5a9-d512-4892-b1e7-152119db298a,paper
410,a3ab1047-591f-4998-b2f1-7ea659b2e2e5,paper
411,a3c6a0cd-5638-4007-b9d2-993de7a3a9bc,paper
412,a3ef783a-d620-41e5-b451-828a6a6229b3,paper
413,a434d244-9e3c-461b-bf4e-3e37810439f7,paper
414,a4bfc136-fc5d-4d44-ad40-b4e2b40dc598,paper
415,a4d611db-f1d4-4c7d-8a9d-1d7ac80c7d7a,paper
416,a4dd3d7d-4c58-44a2-8717-47c4bc9afd1d,paper
417,a51ba3f0-1b8c-4831-87e0-f546eaa16357,paper
418,a53eeb06-660a-4044-8ecc-29c4b78b23f5,paper
419,a59c462f-04c5-4a6c-bae9-add06cef8980,paper
420,a5a13308-84f2-4baf-9213-0fe83a96cfda,paper
421,a6361790-16c2-40a1-bff6-5b3faa113a97,paper
422,a693ec6e-12ad-4712-9b43-a8482f0b200c,paper
423,a74af6f2-d015-491e-9d30-c5b4fee60bcc,paper
424,a7adfdd0-7493-460c-b795-5cece15ec6ae,paper
425,a7ed5f65-917a-4a81-a48f-12a554368baa,paper
426,a7f78b1b-02f8-436a-91f0-398067f79173,paper
427,a8309827-81c8-4832-9384-1b1c21b62c54,paper
428,a862732b-f032-4a4c-b58f-a6ea0557c399,paper
429,a89048a9-fb5f-4ce0-bbe8-90a8d3937703,paper
430,a89c0bb2-c87e-4303-8fec-13637ea19cc5,paper
431,a8ea2649-07ad-4c37-8eb2-5f08b110d8cb,paper
432,a8f75cd1-3096-44bd-af87-99af3cf08809,paper
433,a8fe8b85-5b08-43f9-9208-4c49fb5c34f4,paper
434,a91384df-da46-4a7b-ad8c-79c3bc4a1857,paper
435,a9330298-be13-4fde-863b-f5470ee537c0,paper
436,a9d9ced9-c6b7-4a1f-9635-aa6b72c7712b,paper
437,aa6a53db-9ef0-4068-b1ee-24b93352a628,paper
438,ab05dda0-ea85-4ae4-ae58-2898af1bce3b,paper
439,ab8c3022-30fa-4ac2-9bad-a7ef43f1fd79,paper
440,ab9f826c-8ce4-44d7-b567-f3ffc40717af,paper
441,abb112fd-6019-4525-be63-bb2a617c7d08,paper
442,abcd2af4-b96a-4e36-8b35-43a07f8ee7d8,paper
443,abfe2bbe-0d1d-4bba-8205-db3e1cd66de0,paper
444,ac4258a2-2905-403b-9023-fc2db57f55b5,paper
445,acaa509e-633b-40e9-b4d4-3fa7f5815a38,paper
446,adb43784-1b7d-4774-bc06-dc48427dfc95,paper
447,adc6b216-54af-4a1b-99fc-717a449173ad,paper
448,af200b7f-8a4f-4486-8b73-e9b2ad07e195,paper
449,aff05acb-d2b8-497b-baf7-8e1f1fe2357c,paper
450,aff6d604-5cbe-48ce-b3ad-a02511567d9f,paper
451,b0777d4d-d64c-48a4-bf46-7de274896ad0,paper
452,b17b595f-4e04-46ad-a861-315b35e52b9a,paper
453,b264aa97-2101-4bb1-8eea-38f397543f9b,paper
454,b390edb8-86f2-4340-869c-c83a55acc903,paper
455,b3dd9e52-922f-4ca0-9f4d-f5765b580574,paper
456,b41ebb37-3577-488d-939e-c944862e9a08,paper
457,b4851255-cd2d-4598-890e-56f248c3f901,paper
458,b51a3da1-4d2e-4442-88e1-859db2f600ce,paper
459,b63398b7-03ea-404d-a720-b02dc7e3c9f2,paper
460,b63741bc-b072-433c-bf53-b7c43c128398,paper
461,b6f1ee9d-f1e4-4946-9300-89087c379fd7,paper
462,b7412f1b-1110-4bcb-b480-98f8c6740f46,paper
463,b801e915-e9e3-454c-bdd3-ea3b7c790693,paper
464,b83bae6a-c891-423f-8c98-18033a5bbb42,paper
465,b92bc7d2-d8dc-4682-bccc-a24f4948dc61,paper
466,b93f0735-1962-45fb-8f52-a632a972b103,paper
467,ba45c501-4e3c-474c-8f5b-33d98be8911b,paper
468,ba4ca157-218e-4216-91d1-f3beaf9365b5,paper
469,ba7d460f-d64a-4836-9ef0-f74e84bb8189,paper
470,baa41727-280f-4015-ae8b-8ea8039e50ce,paper
471,badc6491-5a2b-4023-8a41-e5a137885d8c,paper
472,bb975978-4b43-49d0-af56-1648df57d5d8,paper
473,bbd8d693-5aec-462f-a5d9-0c0bd93e38cf,paper
474,bc4294c8-6878-48ed-98e9-81dd30e13235,paper
475,bca66e3f-5c44-4ad8-b338-a62159930c2a,paper
476,bcc8e65c-ae07-4f13-85a9-a37d6b8063f4,paper
477,bd084ea2-e875-48f7-9f03-1f309f06eec2,paper
478,bddd7ba1-dc00-4160-b1b0-8ad39ed2fe6e,paper
479,be847cba-3d9e-41db-ac00-bd8328cf4c2f,paper
480,bf09ea68-9f9d-47fe-8d25-5e0c711fa1fd,paper
481,bfb875c8-d4fa-4ba3-ad4c-413795347b3d,paper
482,c0179aa7-7ecb-45e6-9fd0-2707cd7d4d41,paper
483,c06dbf7f-7403-4251-adc5-cb49903dc71d,paper
484,c09052f9-1567-470a-ab21-2e6e6eef5af9,paper
485,c0a5a808-7259-4d1e-8396-60fbba253849,paper
486,c0cb6d83-9396-48d0-9759-91b6d5b99af8,paper
487,c0f62e73-10d2-4f4b-bea9-286def61f7d2,paper
488,c20ea2eb-df11-49fa-ba0f-c7e60151377a,paper
489,c21f8eed-9b8c-4f08-ae4d-ee31d319d484,paper
490,c24d219b-1089-46d5-bba4-a8271db9a05c,paper
491,c25a29b0-785e-40c0-82ae-88a65dd00f2a,paper
492,c31af26a-0787-4e75-9564-c3ac58f7f75a,paper
493,c3a8d285-b477-4e8d-b1f5-c27cdaaf2dc2,paper
494,c4891e51-4cff-448d-9bc5-dd1ef83cd8ec,paper
495,c4c84228-3df9-4906-a18a-3e44afc90118,paper
496,c4fb44bf-eaec-4cba-803d-5ef47c7e670b,paper
497,c58aeaa8-e6a7-4bae-a290-4d06f6de2176,paper
498,c59a437c-2acd-4e21-aae2-2c5108a2b14b,paper
499,c6d74fe5-8cd7-45c8-bff8-79026caac5b3,paper
500,c72d20a2-56f3-4256-b746-ce26872b7b0d,paper
501,c755837c-e1a9-466d-a4d6-d63c2ca3879c,paper
502,c886078a-f7c0-4e51-ac7d-9b147d0c792e,paper
503,c8919141-d5e7-49bc-a049-db7c3f1d1c30,paper
504,c8c624b3-5cf9-4442-a249-64eb71016ee9,paper
505,c90395e4-a275-4cff-bd83-de6732fc315d,paper
506,c9bbf1b2-2de1-410d-bc83-8718f553785a,paper
507,ca06347c-0e51-47cc-a26e-b93e1b6cad79,paper
508,ca1db559-2501-462c-8134-fb78e4419f02,paper
509,ca362e2a-10a2-4ec7-9666-b922746a41a8,paper
510,ca970fca-f716-44ed-8b81-03652acd43bf,paper
511,caa7dd4f-e83b-4899-a02e-acd392e5fbac,paper
512,cb168f9f-1a80-48fc-bcb0-eea2881a7323,paper
513,cb97aafc-68de-441a-aec2-9df49e532655,paper
514,cba4307a-5004-44e6-b3b2-6f671bfb9e60,paper
515,cbef6033-dc0f-48f2-a799-6e33925d4bf0,paper
516,cc05f31a-2b4e-4c3f-8f2b-fea4747fcfe7,paper
517,cc543d2a-3be5-4c6d-b24a-092e0277570d,paper
518,cc7c7ea7-5952-4750-aaa7-9c6f8db9f3cc,paper
519,cccb246b-8c8a-4b44-b278-e4ae114f4cb8,paper
520,cce11670-c973-4754-9800-1e09cbb8b019,paper
521,cddbc362-8f93-438f-b226-80a6f82ee58b,paper
522,cecebf90-aff0-4be1-a427-cc08f5323175,paper
523,cfed5f70-02db-4270-84f7-57ec106ac635,paper
524,cff3ac81-9d21-4a38-aa9f-b0bf28a28cd8,paper
525,d03de870-4405-46b0-8bda-2862d0d56dc2,paper
526,d0a6ad1d-adeb-4d04-abde-ba86a55486f0,paper
527,d11cff5a-85f8-479d-9e01-56fbe2a07aea,paper
528,d12faa4e-8482-4fa4-b501-559a1952c172,paper
529,d1322aa2-1c1c-4d00-9024-f908e73b177b,paper
530,d1441720-c3d3-4d71-b713-bbf4b02c4e24,paper
531,d1b9d313-199e-41ce-b057-bcea678b9227,paper
532,d2175933-a4a2-4db4-90ca-187f35a468e5,paper
533,d2202424-970d-4e63-9538-6e1de8a7c306,paper
534,d23ff1f7-b31b-483b-88a8-3f5fa8f0602b,paper
535,d27b4d46-80e4-4586-a455-f3980b2478f9,paper
536,d2c07269-706f-42d0-9d89-8b22ddead870,paper
537,d309ca59-117c-46b2-8016-8917f0a51c70,paper
538,d323fbab-78e2-4c98-a230-ce401c1fb0b0,paper
539,d3949101-363d-4603-b8ca-07f4b2bfaae8,paper
540,d39d7126-79c5-4a16-a831-8437814103dc,paper
541,d5247705-ef77-4c03-bec8-88c2a379d7b4,paper
542,d5a8ab0e-309b-4b37-9b15-91f20cb86e10,paper
543,d5bbb80e-c651-4a8e-8831-4b1f8778dc80,paper
544,d67cb092-c7cf-4cca-ab00-2f2e5df672e4,paper
545,d6874d6b-9577-4805-aa8a-69f742ceaa8a,paper
546,d6a649bd-7f91-4be5-8700-81e842cf998b,paper
547,d6f1c3aa-bac9-4f87-a024-31b4c601232d,paper
548,d72a31ef-a61f-48a7-b208-55f83b562d10,paper
549,d7420e79-a114-42bc-b742-95f79885d988,paper
550,d8275970-20a1-4d53-86c7-0f1322f7d79a,paper
551,d8d27300-be4a-4c65-9f04-3bb5c529e4ef,paper
552,d8fa28f1-4e5b-43e1-9fed-44f76ff442a1,paper
553,d943ef41-cde5-4f64-8266-897edbe14bf4,paper
554,d94c2f9e-b8d2-40c6-a727-b1622a1b6397,paper
555,d9cb14ba-fc02-4532-bf12-0e0fd701ff9f,paper
556,d9d2bafb-702a-48ec-a02b-50850aa6e999,paper
557,d9e2c832-463b-47bf-96fc-fa8940c0e2a9,paper
558,da78b178-600d-4ce4-ba39-dffaff5bfdfc,paper
559,da932490-2a34-491a-8d34-c845274867ba,paper
560,da9c62f9-5558-4e4c-85be-95d335283d9d,paper
561,db069c71-5714-4050-a7ec-3d135987dda4,paper
562,db702551-b9b8-4bcb-94f1-16cb95d42f4e,paper
563,dbcc949a-c6a0-4330-8a19-d8800123b1f8,paper
564,dc2f6457-3811-4349-9eff-325afaf74fc5,paper
565,dcc3799f-c0bc-4472-ba52-4cc872f974c5,paper
566,dd1d9096-6d13-4a86-a7cd-db817613e6af,paper
567,dd5f11c5-0243-4c2a-a992-b81890ccd998,paper
568,dd8af1ee-b58f-4317-9c10-8ef2adf19758,paper
569,ddb1720c-08f1-40bf-bb3c-b3851a72ab44,paper
570,ddfc379e-e0de-4dd0-ba71-98024e8d0b47,paper
571,df9f129c-c428-4728-babe-9f417875a526,paper
572,dfeb2af5-7fd6-4b63-b858-82efabbc06ae,paper
573,e0d0a350-e5fa-492a-88a6-770c35c12038,paper
574,e12aaa72-41b7-437b-81d4-3bf7e106fda1,paper
575,e1406549-31de-4c58-8576-0d1118ab8b71,paper
576,e15eb00c-36a3-438e-981e-d0db3d915a68,paper
577,e188a64b-b7da-4c84-9d05-d7e8f3ec3822,paper
578,e1ad9413-f20f-430a-b1b8-2d8467dcbbc8,paper
579,e1ba1cc5-f8a7-403a-ab8d-fc37f9d21728,paper
580,e26860a3-85cd-47f1-9b08-e47842cd68f2,paper
581,e26a8c50-2765-4b17-9a6a-7890d70b8abf,paper
582,e297f146-70ea-49b8-a8e7-688105f8e6ac,paper
583,e3d20ac0-33ae-4a1c-8eb1-d7987fbd52b7,paper
584,e44a99aa-ec56-4fcb-a5db-b20919e4989a,paper
585,e455397c-17e9-458b-b90e-c4902fad6c07,paper
586,e491ee9b-ddaa-43c2-a60a-ef65955f06b4,paper
587,e4ab471c-8e88-4534-adb0-ec5b0fba55d6,paper
588,e50cf3ad-7432-4ff9-96a6-debf29f5172a,paper
589,e50f1875-36fc-4e83-aa31-7e34a88b52a6,paper
590,e51d285f-4894-488b-b260-79411e991943,paper
591,e6099830-4187-4a85-955d-8087912fe9df,paper
592,e67ae585-9a1f-465b-b364-e3d2851017e4,paper
593,e67d7cb7-ff8e-42aa-ada6-6816490fb468,paper
594,e6be2b88-fb0e-4f5c-bb2b-af93b239605b,paper
595,e6c0ffd7-4930-4151-bd22-3f7fc65e737a,paper
596,e72d04bb-a420-4277-94eb-fce482f61ff9,paper
597,e7832c48-ee1e-40b8-93e3-41150bcefbd2,paper
598,e7bf5bf6-492e-4cbe-af12-d1eacc3e5fab,paper
599,e7c9ebbd-fccf-449a-8511-fb33bf6ebd3a,paper
600,e7fca769-dc01-495e-891f-97794c180a51,paper
601,e83d7972-108d-4214-bd87-b559306fc954,paper
602,e963c3a5-8d9c-4c8b-8ee0-33e6de3c3cf8,paper
603,e9bda434-60ba-472a-bd03-96e34d43b356,paper
604,e9c188ca-f102-49bd-b0fd-7c627ea133ec,paper
605,eb928df8-66d9-4109-8cd3-81c70530dfe5,paper
606,eb98f285-4453-4d8d-ab94-7368401b0c3c,paper
607,eba61a64-b45c-4cb4-a779-80b65c9c8bf9,paper
608,ebf986d4-ef45-4499-9051-2df08cce8642,paper
609,ec05eb70-1ca0-4164-a95f-e29dc82d0bfe,paper
610,ec103e3e-9d49-44e2-a44a-d3e0074204c6,paper
611,ec37c8e4-f7be-4d21-9e61-75fd750d22e5,paper
612,eca6d65d-fec6-4b1b-80ab-77018f3375fa,paper
613,ecc15362-4c42-469b-9688-b94edde29cc5,paper
614,ee9db0c0-ac48-45a7-9b8b-f750495db718,paper
615,ef210e5d-f8c3-444c-9f37-fa8a80f819b5,paper
616,ef609cc3-5e8a-4013-8b38-5bb5d131e1e9,paper
617,ef7e2a51-e7c1-418d-9bf9-0fd40b16a7de,paper
618,efee242d-b7e0-44b2-a3bf-43c283158d9f,paper
619,f02a0ea4-3fe1-4390-9253-25697aa8dba6,paper
620,f03f5129-fe28-4091-96ef-9048f1529ec5,paper
621,f142a2c6-7f6b-4ae4-a428-1199f69e3858,paper
622,f144ecce-d2a7-4936-946a-ed2925e5921c,paper
623,f151a15d-4e57-435e-b58b-757f33180853,paper
624,f1b25a3a-308c-4521-82fc-1279b9ed0f92,paper
625,f2c680fe-2dc3-4aa9-b994-2095d71aaa31,paper
626,f30fccbf-f35a-4647-87f5-54f99a43a354,paper
627,f32bb072-e01f-46e1-832a-2276de1d3509,paper
628,f3e4036f-825f-4063-9b80-e14ecd65ee88,paper
629,f41e5714-6ec3-4b01-ae73-8acc53caac80,paper
630,f4622a30-128d-47bc-bf92-317fe5915b4a,paper
631,f4ea6b52-130c-4c5f-b850-3cb07b6981fa,paper
632,f565b26d-e8e6-47cd-bdb2-9349f0a09cc6,paper
633,f5807d28-1fa9-400e-92ed-a1bb09291695,paper
634,f5dca046-9499-40b8-9b22-f0fe38612ec0,paper
635,f5efe5d5-0abb-4fc1-bf33-eade5a004da7,paper
636,f6c490a8-c641-44ca-ba25-3e3c8cb22a19,paper
637,f7352212-1440-47da-9277-f086dd264678,paper
638,f7c8753d-ad31-409b-b39d-3a4089bb0a14,paper
639,f7ff8d8d-bd0f-487f-ad8c-4559efbad37c,paper
640,f8495ae5-39a3-4ae3-845b-dd4813db41af,paper
641,f8f9df5c-d821-41f3-8fd3-a2cd0c563802,paper
642,f93c4c98-d257-42a1-a4a0-6705d16f572d,paper
643,f9f7b517-6f09-4e44-abfd-c55665b723e0,paper
644,fa365549-6a21-4024-a961-ae235856209e,paper
645,fa5befcf-881a-47ac-a180-61368d000b5a,paper
646,fb362ee6-ed91-45fd-9a0d-2881662cedcf,paper
647,fb527da0-f801-4779-a80f-81ae10c86b51,paper
648,fb68f1bf-a430-4670-b41b-2b8dae0b417a,paper
649,fb8e715f-1558-46be-8af7-8d1c28254262,paper
650,fd66cd8d-3a69-4abd-b00b-9932f68f91bb,paper
651,fdb14d50-3721-425f-a84a-02da27d31c8d,paper
652,fdf4b9aa-ffcc-415c-b056-0f121ce88068,paper
653,fec8bdc0-71d1-46c8-b3da-e94ff2062ac5,paper
654,fefd2e79-ee81-472d-8e33-0e949af6f592,paper
655,ff345ac0-b62b-4d69-999c-54601b4e39f0,paper
656,ffd1c0da-fa9a-452c-97b6-f96178f14064,paper
657,Abdallah Elkhyari,author
658,AbdelAli Ed-Dbali,author
659,Abdelraouf Ishtaiwi,author
660,Abdul Razak,author
661,Abdul Sattar,author
662,Abid M. Malik,author
663,Achref El Mouelhi,author
664,Agostino Dovier,author
665,Akinori Yonezawa,author
666,Akira Nagoya,author
667,Alan Borning,author
668,Alan Holland,author
669,Alan M. Frisch,author
670,Alba Cabiscol,author
671,Alban Derrien,author
672,Albert Oliveras,author
673,Alberto Delgado,author
674,Alejandro Arbelaez,author
675,Alejandro López-Ortiz,author
676,Alessandro Biso,author
677,Alessandro Dal Palù,author
678,Alessandro Previti,author
679,Alessandro Sperduti,author
680,Alessandro Zanarini,author
681,Alessio Bonfietti,author
682,Alex Devkar,author
683,Alexander A. Shvartsman,author
684,Alexander Brodsky,author
685,Alexander Golynski,author
686,Alexander Ivrii,author
687,Alexander Lazovik,author
688,Alexandre Goldsztejn,author
689,Alexandre Papadopoulos,author
690,Alexey Ignatiev,author
691,Alexis De Clercq,author
692,Alfio Vidotto,author
693,Alfonso San Miguel Aguirre,author
694,Alice Miller,author
695,Alon Grubshtein,author
696,Alvaro del Val,author
697,Amina Kemmar,author
698,Amine Balafrej,author
699,Amira Dems,author
700,Amit Metodi,author
701,Ammar Malik,author
702,Amnon Meisels,author
703,Anastasia Paparrizou,author
704,Anbulagan,author
705,Andrea Bartolini,author
706,Andrea Borghesi,author
707,Andrea Lodi,author
708,Andrea Rendl,author
709,Andreas Distler,author
710,Andreas Schutt,author
711,Andrei A. Krokhin,author
712,Andrei Legtchenko,author
713,Andrew D. Kelly,author
714,Andrew D. Macdonald,author
715,Andrew E. Santosa,author
716,Andrew G. Bachmann,author
717,Andrew G. D. Rowley,author
718,Andrew Grayland,author
719,Andrew R. Verden,author
720,Andrew See,author
721,André A. Ciré,author
722,Andrés Felipe Barco,author
723,Anicet Bart,author
724,Anika-Pascale Papillon,author
725,Anke Busch,author
726,Anne Liret,author
727,Anthony Palmieri,author
728,Anthony Schneider,author
729,Anton Belov,author
730,Antonio Berlanga,author
731,Antonio J. Fernández,author
732,Antonio Morgado,author
733,António Morgado,author
734,Arie Matsliah,author
735,Armagan Tarim,author
736,Arnaldo Vieira Moura,author
737,Arnaud Gotlieb,author
738,Arnaud Lallouet,author
739,Arnaud Lenoir,author
740,Arnaud Letort,author
741,Arnaud Malapert,author
742,Arnold Maestre,author
743,Ashish Sabharwal,author
744,Assef Chmeiss,author
745,Atle Riise,author
746,Atsushi Iwasaki,author
747,Aurojit Panda,author
748,Aurélie Favier,author
749,Aurélien Questel,author
750,Avraham Itzhakov,author
751,B. Cabon,author
752,B. M. W. Cheng,author
753,Balder ten Cate,author
754,Ban Kawas,author
755,Barbara M. Smith,author
756,Barry Hurley,author
757,Barry J. Fox,author
758,Barry O'Callaghan,author
759,Barry O'Sullivan,author
760,Barry O’Callaghan,author
761,Barry Sullivan,author
762,Bart Demoen,author
763,Bart Peintner,author
764,Bart Selman,author
765,Benoît Rottembourg,author
766,Bernadette Martínez‐Hernández,author
767,Bernard Gendron,author
768,Bernard Jurkowiak,author
769,Berthe Y. Choueiry,author
770,Bertrand Cabon,author
771,Bertrand Mazure,author
772,Bertrand Neveu,author
773,Bhaskar Krishnamachari,author
774,Bilal Syed Hussain,author
775,Birger Raa,author
776,Bistra N. Dilkina,author
777,Björn Carlson,author
778,Björn Danielsson,author
779,Bo Valdemar Vaaben,author
780,Boi Faltings,author
781,BoonPing Lim,author
782,Boris Gutkovich,author
783,Brahim Hnich,author
784,Brice Zirakiza,author
785,Bruno Crémilleux,author
786,Bruno Zanuttini,author
787,C. K. Chiu,author
788,C. M. Chou,author
789,Camilo Rueda,author
790,Carla P. Gomes,author
791,Carla Piazza,author
792,Carles Mateu,author
793,Carleton Coffrin,author
794,Carlos Ansótegui,author
795,Carlos Cotta,author
796,Carlos Olarte,author
797,Carme Torras,author
798,Carmine Dodaro,author
799,Caroline Even,author
800,Cemalettin Öztürk,author
801,Charles Prud'homme,author
802,Charles Prud’homme,author
803,Charlotte Truchet,author
804,Chavalit Likitvivatanavong,author
805,Chendong Li,author
806,Chi Kan Cheng,author
807,Chiu Wo Choi,author
808,Chris Houghton,author
809,Christel Vrain,author
810,Christelle Gueret,author
811,Christian Artigues,author
812,Christian Bessiere,author
813,Christian J. Muise,author
814,Christian Schulte,author
815,Christine Gaspin,author
816,Christine Solnon,author
817,Christine Wei Wu,author
818,Christoph Flamm,author
819,Christophe Jermann,author
820,Christophe Lecoutre,author
821,Christopher Jefferson,author
822,Christopher L. Wood,author
823,Christopher Mears,author
824,Christos Voudouris,author
825,Chu Min Li,author
826,Chu-Min Li,author
827,Ciaran McCreesh,author
828,Cid C. de Souza,author
829,Claire M. Bagley,author
830,Claude Le Pape,author
831,Claude Michel,author
832,Claude-Guy Quimper,author
833,Clément Carbonnel,author
834,Clément Viricel,author
835,Colva M. Roney-Dougal,author
836,Conor McGann,author
837,Cormac Gebruers,author
838,Cormac J. Sreenan,author
839,Craig A. Knoblock,author
840,Craig Macdonald,author
841,Cristian Coarfa,author
842,Cristina C. B. Cavalcante,author
843,Cyril Terrioux,author
844,Cyrille Dejemeppe,author
845,Cèsar Fernández,author
846,Cédric Piette,author
847,D. Clark,author
848,Daisuke Ishii,author
849,Damien Chablat,author
850,Damien Eveillard,author
851,Dan Sahlin,author
852,Daniel Cosmin Porumbel,author
853,Daniel Fink,author
854,Daniel Fontaine,author
855,Daniel Merkle,author
856,Daniel S. Heller,author
857,Daniel Sabin,author
858,Daniel Veysseire,author
859,Davaatseren Baatar,author
860,Dave A. D. Tompkins,author
861,David A. Cohen,author
862,David Allouche,author
863,David Bergman,author
864,David F. Manlove,author
865,David Gérault,author
866,David Kurlander,author
867,David Lesaint,author
868,David R. Gilbert,author
869,David Simoncini,author
870,David Stynes,author
871,Deepak Mehta,author
872,Dejan Delić,author
873,Demetrios D. Demopoulos,author
874,Derek G. Bridge,author
875,Derek H. Sleeman,author
876,Desmond G. Higgins,author
877,Devika Subramanian,author
878,Diarmuid Grimes,author
879,Didier Dubois,author
880,Diego de Uña,author
881,Divesh Srivastava,author
882,Djamal Habet,author
883,Djamel E. Dehani,author
884,Djamila Sam-Haroud,author
885,Duc Nghia Pham,author
886,Dániel Marx,author
887,Dídac Busquets,author
888,E. Barry Richards,author
889,Edgar Tan,author
890,Edmund M. Clarke,author
891,Edward Lam,author
892,Ehud Gudes,author
893,Ekaterina Arafailova,author
894,El Houssine Bouyakhf,author
895,El Mehdi El Graoui,author
896,Elaine L. Sonderegger,author
897,Elise Vareilles,author
898,Emma Rollon,author
899,Emmanuel Hebrard,author
900,Emmanuel Poder,author
901,Emre Yamangil,author
902,Enric Rodríguez-Carbonell,author
903,Enrico Pontelli,author
904,Eoin O'Mahony,author
905,Eric Bensana,author
906,Eric Bourreau,author
907,Eric I. Hsu,author
908,Eric Monfroy,author
909,Eugene C. Freuder,author
910,Eugene Nudelman,author
911,Evelina Lamma,author
912,Evgenij Thorstensen,author
913,Evgeny Selensky,author
914,Ewan MacIntyre,author
915,Fabien Hermenier,author
916,Fabio Parisini,author
917,Fahiem Bacchus,author
918,Federico Barber,author
919,Federico Campeotto,author
920,Federico Heras,author
921,Felip Manyà,author
922,Felip Manyí,author
923,Felix Halim,author
924,Feras Nahar,author
925,Ferdinando Fioretto,author
926,Fernando Sáenz-Pérez,author
927,Filippo Focacci,author
928,Francesca Collina,author
929,Francesca Rossi,author
930,Francesco Iorio,author
931,Francisco Bueno,author
932,Frank D. Valencia,author
933,Frank Hutter,author
934,François Laburthe,author
935,François Laviolette,author
936,François Pachet,author
937,François Pelsser,author
938,Fred Hemery,author
939,Frederic Maris,author
940,Frej Drejhammar,author
941,Frédéric Benhamou,author
942,Frédéric Boussemart,author
943,Frédéric Koriche,author
944,Frédéric Simard,author
945,Gabriel Hjort Blindell,author
946,Gadi Solotorevsky,author
947,Galen Andrew,author
948,Gautam Mitra,author
949,Geoffrey Chu,author
950,George Katsirelos,author
951,Georgiana Ifrim,author
952,Georgios Katsirelos,author
953,Germán Puebla,author
954,Gert Smolka,author
955,Gilles Audemard,author
956,Gilles Chabert,author
957,Gilles Dequen,author
958,Gilles Goncalves,author
959,Gilles Pesant,author
960,Gilles Simonin,author
961,Gilles Trombettoni,author
962,Gleb Belov,author
963,Glenn Silverstein,author
964,Glenna Faith Nightingale,author
965,Goldie Nejat,author
966,Graeme Gange,author
967,Greger Ottosson,author
968,Gregory J. Duck,author
969,Grégoire Dooms,author
970,Grégory Beaumet,author
971,Guido Tack,author
972,Guillaume Escamocher,author
973,Guillaume Perez,author
974,Guillaume Rochart,author
975,Gustav Björdal,author
976,Gustavo Gutierrez,author
977,Gérard Verfaillie,author
978,H. Paul Williams,author
979,Hadrien Cambazard,author
980,Hanan Kanso,author
981,Hang Luo,author
982,Hani El Sakkout,author
983,Hanyu Gu,author
984,Harald Søndergaard,author
985,Harry Zhang,author
986,Harsha Nagarajan,author
987,Hassan Hijazi,author
988,Heikel Batnini,author
989,Hein Meling,author
990,Heinz Ekker,author
991,Helle Frøyseth,author
992,Helmut Simonis,author
993,Henrik Reif Andersen,author
994,Hiep Nguyen,author
995,Hiroshi Hosobe,author
996,Hiroshi Matsuo,author
997,Hiroshi Sawada,author
998,Ho-fung Leung,author
999,Holger H. Hoos,author
1000,Hon-Wing Won,author
1001,Hoong Chuin Lau,author
1002,Horst Samulowitz,author
1003,Hossein M. Sheini,author
1004,Hubie Chen,author
1005,Hyunmin Cheong,author
1006,Hélène Collavizza,author
1007,Hélène Fargier,author
1008,Iain McBride,author
1009,Iain McDonald,author
1010,Ian Davies,author
1011,Ian Miguel,author
1012,Ian P. Gent,author
1013,Ignacio Araya,author
1014,Ignacio Castiñeiras,author
1015,Ignacio Salas,author
1016,Ignasi Abío,author
1017,Igor Razgon,author
1018,Imade Benelallam,author
1019,Inge Jonassen,author
1020,Ingvar Eidhammer,author
1021,Inês Lynce,author
1022,Ioannis Tsamardinos,author
1023,Irina Trubitsyna,author
1024,Irit Katriel,author
1025,Irène Abi-Zeid,author
1026,Isabelle André,author
1027,Ismel Brito,author
1028,Ivan Dotu,author
1029,J. Benton,author
1030,J. Christopher Beck,author
1031,J. E. Davies,author
1032,Jacob Feldman,author
1033,Jakob Nordström,author
1034,Jakob Puchinger,author
1035,Jakub Bulín,author
1036,James Little,author
1037,James M. Crawford,author
1038,James Trimble,author
1039,James Wetter,author
1040,Jason H. Y. Wong,author
1041,Jason Sakellariou,author
1042,Jason Sweeney,author
1043,Javier Larrosa,author
1044,Jean Baptiste Mairy,author
1045,Jean Carrive,author
1046,Jean Jourdan,author
1047,Jean-Baptiste Mairy,author
1048,Jean-Charles Régin,author
1049,Jean-Francis Roy,author
1050,Jean-Francois Puget,author
1051,Jean-Guillaume Fages,author
1052,Jean-Marc Frayret,author
1053,Jean-Marie Jacquet,author
1054,Jean-Marie Lagniez,author
1055,Jean-Marie Normand,author
1056,Jean-Noël Monette,author
1057,Jean-Philippe Métivier,author
1058,Jean-Xavier Rampon,author
1059,Jeff Heisserman,author
1060,Jennifer Yip,author
1061,Jens Schulz,author
1062,Jeremy Cho,author
1063,Jeremy Frank,author
1064,Jim McFadden,author
1065,Jimmy Ho Man Lee,author
1066,Jimmy Ho-Man Lee,author
1067,Jin-Zhong Wu,author
1068,Joachim Schimpf,author
1069,Joan Espasa,author
1070,Joao Marques-Silva,author
1071,Joel Gabàs,author
1072,Joel Gabís,author
1073,Johan Montelius,author
1074,John M. Gregoire,author
1075,John N. Hooker,author
1076,John Thornton,author
1077,Jonathan Gaudreault,author
1078,Joost P. Warners,author
1079,Jordan Demeulenaere,author
1080,Jordi Levy,author
1081,Jordi Planes,author
1082,Jorge A. Navas,author
1083,Jose Larrubia,author
1084,Josep Argelich,author
1085,Josep Suy,author
1086,José Daniel García,author
1087,José M. Molina,author
1088,Josée Desharnais,author
1089,Joxan Jaffar,author
1090,Joël Quinqueton,author
1091,Juan Francisco Díaz,author
1092,Julien Fischer,author
1093,Julien Martin,author
1094,Julien Vion,author
1095,Juliette Mattioli,author
1096,Jun He,author
1097,Junhu Wang,author
1098,Justin Pearson,author
1099,Justin Yip,author
1100,Jérémie Vautard,author
1101,Jérôme Fortin,author
1102,Jörg Würtz,author
1103,K. Brent Venable,author
1104,Ka Boon Ng,author
1105,Ka Lun Leung,author
1106,Ka Man Lei,author
1107,Kai-fai Ng,author
1108,Kalev Kask,author
1109,Karem A. Sakallah,author
1110,Karen E. Petrie,author
1111,Karl Sundequist Blomdahl,author
1112,Kathryn Francis,author
1113,Katia P. Sycara,author
1114,Katsutoshi Hirayama,author
1115,Kazuki Yoshizoe,author
1116,Ken Darby-Dowman,author
1117,Ken Miyashita,author
1118,Kenil C. K. Cheng,author
1119,Kenneth A. Ross,author
1120,Kenneth M. Bayer,author
1121,Kenneth M. F. Choi,author
1122,Kenneth N. Brown,author
1123,Kenneth Pulliam,author
1124,Kent Boortz,author
1125,Kevin Leo,author
1126,Kevin Leyton-Brown,author
1127,Kevin Smyth,author
1128,Kevin Tierney,author
1129,Khanh-Chuong Duong,author
1130,Kim Marriott,author
1131,Kish Shen,author
1132,Kiyan Ahmadizadeh,author
1133,Koji Kamei,author
1134,Kostas Stergiou,author
1135,Koutarou Suzuki,author
1136,Krishnamurthy Dvijotham,author
1137,Kristen Brent Venable,author
1138,Kuldeep S. Meel,author
1139,Kyle E. C. Booth,author
1140,Lakhdar Sais,author
1141,Lanny Sitanayah,author
1142,Lars Hellsten,author
1143,Lars Kotthoff,author
1144,Lars Otten,author
1145,Lars Wahlberg,author
1146,Laura Climent,author
1147,Laure Devendeville,author
1148,Laurence A. Wolsey,author
1149,Laurent Granvilliers,author
1150,Laurent Michel,author
1151,Laurent Perron,author
1152,Laurent Péridy,author
1153,Lei Duan,author
1154,Levi H. S. Lelis,author
1155,Lin Xu,author
1156,Lina Khatib,author
1157,Lionel C. Briand,author
1158,Lionel Lobjois,author
1159,Lionel Martin,author
1160,Liyuan Liu,author
1161,Long Guo,author
1162,Louis Delorme,author
1163,Louis-Martin Rousseau,author
1164,Loïc Blet,author
1165,Luc Jaulin,author
1166,Luca Benini,author
1167,Luca Di Gaspero,author
1168,Lucas Bordeaux,author
1169,Ludivine Boche Sauvan,author
1170,Luis G. Reyna,author
1171,Luis Quesada,author
1172,Lyndon Drake,author
1173,M García de la Banda,author
1174,M. A. Hakim Newton,author
1175,M. Arslan Örnek,author
1176,M. Green,author
1177,M. Wallace,author
1178,Madu Ratnayake,author
1179,Magnus Ågren,author
1180,Maher N. Mneimneh,author
1181,Makoto Yokoo,author
1182,Manolis Koubarakis,author
1183,Manuel Cebrian,author
1184,Manuel Loth,author
1185,Manuel V. Hermenegildo,author
1186,Marc Christie,author
1187,Marc Garcia,author
1188,Marc Gyssens,author
1189,Marc R. C. Van Dongen,author
1190,Marc Schoenauer,author
1191,Marc Torrens,author
1192,Marc Vuffray,author
1193,Marcel Jackson,author
1194,Marco Aiello,author
1195,Marco Benedetti,author
1196,Marco Laumanns,author
1197,Marco Marchini,author
1198,Marco Zaffalon,author
1199,Margaux Nattaf,author
1200,Maria J. García de la Banda,author
1201,Maria Luisa Bonet,author
1202,Maria Silvia Pini,author
1203,Maria Teresa Hortalá-González,author
1204,Marie Pelleau,author
1205,Marie de Roquemaurel,author
1206,Marie-Claire Charmeau,author
1207,Marie-Claude Côté,author
1208,Marie-José Huguet,author
1209,Marine Minier,author
1210,Marius Portmann,author
1211,Marius Silaghi,author
1212,Marius-Calin Silaghi,author
1213,Mark H. Liffiton,author
1214,Mark Wallace,author
1215,Martha E. Pollack,author
1216,Marti Sanchez,author
1217,Martijn Moraal,author
1218,Martin C. Cooper,author
1219,Martin Henz,author
1220,Martin Mann,author
1221,Martin Michalowski,author
1222,Martin Stølevik,author
1223,Martino Ruggiero,author
1224,Martí Sánchez,author
1225,María Andreína Francisco Rodríguez,author
1226,Masbaul Alam Polash,author
1227,Mateu Villaret,author
1228,Mathias Möhl,author
1229,Mathieu Bouchard,author
1230,Mats Carlsson,author
1231,Matthias Zytnicki,author
1232,Matti Järvisalo,author
1233,Maxim Shishmarev,author
1234,May H. C. Woo,author
1235,Mayur Naik,author
1236,Mehdi Khiari,author
1237,Mehdi Maamar,author
1238,Meinolf Sellmann,author
1239,Menkes van den Briel,author
1240,Micha Janssen,author
1241,Michael Chase,author
1242,Michael Chertkov,author
1243,Michael Codish,author
1244,Michael Frank,author
1245,Michael Iatauro,author
1246,Michael J. Maher,author
1247,Michael Jampel,author
1248,Michael Morin,author
1249,Michael Winkler,author
1250,Michaela Sabin,author
1251,Michaël Soulignac,author
1252,Michel Aldanondo,author
1253,Michel Gendreau,author
1254,Michel Lemaître,author
1255,Michel Rueher,author
1256,Michel Vasquez,author
1257,Michela Milano,author
1258,Michele Lombardi,author
1259,Michèle Sebag,author
1260,Miguel A. Patricio,author
1261,Miguel A. Salido,author
1262,Mihaela Sabin,author
1263,Mike Colena,author
1264,Mike Newton,author
1265,Mikoláš Janota,author
1266,Milan De Cauwer,author
1267,Minh Hoíng Hí,author
1268,Miquel Bofill,author
1269,Miquel Palahí,author
1270,Mirco Gelain,author
1271,Mirco Nanni,author
1272,Mireille Ducassé,author
1273,Mohamed Rezgui,author
1274,Mohamed Siala,author
1275,Mohamed Wahbi,author
1276,Mohammed Said Belaid,author
1277,Montserrat Abril,author
1278,Morten Irgens,author
1279,Morten Mossige,author
1280,Moshe Y. Vardi,author
1281,Moshe Zazone,author
1282,Mouny Samy-Modeliar,author
1283,Mowen Lu,author
1284,Moyra Duggan,author
1285,Nadjib Lazaar,author
1286,Naoki Ohta,author
1287,Narendra Jussien,author
1288,Natashia Boland,author
1289,Neil Yorke-Smith,author
1290,Neven Tomov,author
1291,Nic Wilson,author
1292,Nicholas Nethercote,author
1293,Nicolas Beldiceanu,author
1294,Nicolas Briot,author
1295,Nicolas C. H. Koh,author
1296,Nicolas Maudet,author
1297,Nicolas Museux,author
1298,Nicolas Paris,author
1299,Nicolas Szczepanski,author
1300,Niklas Kohl,author
1301,Nina Narodytska,author
1302,Noureddine Bouhmala,author
1303,Nouredine Ould Mohamedou,author
1304,Odile Pourtallier,author
1305,Olga Ohrimenko,author
1306,Olivier Bonaventure,author
1307,Olivier Mullier,author
1308,Olivier Ponsini,author
1309,Olivier Roussel,author
1310,Olof Sivertsson,author
1311,Orla O'Sullivan,author
1312,Owen Bourne,author
1313,Ozgur Akgun,author
1314,P. Sebastian,author
1315,Pamela Peretti,author
1316,Paola Mello,author
1317,Pascal Benchimol,author
1318,Pascal Germain,author
1319,Pascal Van Hentenryck,author
1320,Patrice Boizumault,author
1321,Patricia Gutierrez,author
1322,Patrick Prosser,author
1323,Patrick Spracklen,author
1324,Patrick Taillibert,author
1325,Paul Davern,author
1326,Paul Gaborit,author
1327,Paul H. Morris,author
1328,Paul McKay,author
1329,Paul Scott,author
1330,Paul Shaw,author
1331,Paul Tyler,author
1332,Paweł Zieliński,author
1333,Pearl Pu,author
1334,Pedro Meseguer,author
1335,Per Brand,author
1336,Peter Clote,author
1337,Peter F. Stadler,author
1338,Peter J. Stuckey,author
1339,Peter Jeavons,author
1340,Peter M. Hubbard,author
1341,Peter Moulder,author
1342,Peter Nightingale,author
1343,Peter Schachte,author
1344,Peter Tiedemann,author
1345,Peter Van Roy,author
1346,Peter Z. Revesz,author
1347,Peter van Beek,author
1348,Peterm J. Stuckey,author
1349,Philip Kilby,author
1350,Philipp Peters,author
1351,Philippe Galinier,author
1352,Philippe Jégou,author
1353,Philippe Refalo,author
1354,Philippe Vismara,author
1355,Phokion G. Kolaitis,author
1356,Pierre Dupont,author
1357,Pierre Flener,author
1358,Pierre L'Ecuyer,author
1359,Pierre Lopez,author
1360,Pierre Regnier,author
1361,Pierre Roy,author
1362,Pierre Saveant,author
1363,Pierre Schaus,author
1364,Pieter Wuille,author
1365,Quang Dung Pham,author
1366,Quoc Trung Bui,author
1367,R. Bruce van Dover,author
1368,Radoslaw Szymanek,author
1369,Radu Marinescu,author
1370,Raghu Ramakrishnan,author
1371,Ralph Becket,author
1372,Ramón Béjar,author
1373,Raphael Dorne,author
1374,Raphael M. Reischuk,author
1375,Raphaël Chenouard,author
1376,Rattana Wetprasit,author
1377,Redouane Ezzahir,author
1378,Remi Coletta,author
1379,Renaud Hartert,author
1380,Reza Rafeh,author
1381,Riccardo Guidotti,author
1382,Richard Gault,author
1383,Richard J. Wallace,author
1384,Richard Ostrowski,author
1385,Rida Sadek,author
1386,Rina Dechter,author
1387,Robert A. Morris,author
1388,Robert D. Russell,author
1389,Robert Heffernan,author
1390,Robert J. Woodward,author
1391,Robert Mateescu,author
1392,Robert Nieuwenhuis,author
1393,Robert W. Irving,author
1394,Robert Wright,author
1395,Roberto Asín,author
1396,Roberto Castañeda Lozano,author
1397,Roberto Rossi,author
1398,Robinson Duque,author
1399,Rodney Topor,author
1400,Roie Zivan,author
1401,Roland H. C. Yap,author
1402,Rolf Backofen,author
1403,Rolf Fagerberg,author
1404,Roman van der Krogt,author
1405,Romuald Debruyne,author
1406,Ronan Le Bras,author
1407,Ronan LeBras,author
1408,Rosella Gennari,author
1409,Rowan Van Schaeren,author
1410,Ru Chu Xu,author
1411,Ruben Martins,author
1412,Rune Møller Jensen,author
1413,Russell Bent,author
1414,Ryan Lim,author
1415,Ryo Ichimura,author
1416,Rémi Douence,author
1417,Rémi Ronfard,author
1418,Rüdiger Stephan,author
1419,Răzvan Voicu,author
1420,Rǎzvan Voicu,author
1421,S. Armagan Tarim,author
1422,S. De Givry,author
1423,S. Prestwich,author
1424,S. Sudarshan,author
1425,S.A. Tarim,author
1426,Said Jabbour,author
1427,Sally C. Brailsford,author
1428,Samba Ndojh Ndiaye,author
1429,Samid Hoda,author
1430,Samir Loudni,author
1431,Samir Sebbah,author
1432,Santiago M. Vicente González,author
1433,Sarah O'Connell,author
1434,Sarah O’Connell,author
1435,Sascha Van Cauwelaert,author
1436,Satoshi Matsuoka,author
1437,Satyanarayana Marisetti,author
1438,Saurabh Joshi,author
1439,Scott D. Goodwin,author
1440,Sebastian Brand,author
1441,Sebastian Hunt,author
1442,Sebastian Maneth,author
1443,Sebastian Will,author
1444,Seif Haridi,author
1445,Semra Tunali,author
1446,Serdar Kadioglu,author
1447,Seydou Traoré,author
1448,Seán Óg Murphy,author
1449,Shant Karakashian,author
1450,Sharad Malik,author
1451,Sheila A. McIlraith,author
1452,Shin Takahashi,author
1453,Shiva Nejati,author
1454,Siddhartha Jain,author
1455,Sidhant Misra,author
1456,Simon Brockbank,author
1457,Simon de Givry,author
1458,Soon Chee Loong,author
1459,Sophie Barbe,author
1460,Sophie Demassey,author
1461,Sophie Huczynska,author
1462,Stanislav źIvný,author
1463,Stanislav Živný,author
1464,Stefan E. Karisch,author
1465,Stefan Heinz,author
1466,Stefan Kreter,author
1467,Stefan Sabau,author
1468,Stefan Schamberger,author
1469,Stefano Bistarelli,author
1470,Stefano Di Alesio,author
1471,Stefano Ermon,author
1472,Stefano Vissicchio,author
1473,Stephen A. Linton,author
1474,Stephen B. Wicker,author
1475,Steve Linton,author
1476,Steven David Prestwich,author
1477,Steven Gay,author
1478,Steven Halim,author
1479,Steven Huberman,author
1480,Stuart Bain,author
1481,Stéphane Bourdais,author
1482,Stéphane Cardon,author
1483,Stéphane Caro,author
1484,Stéphane Zampelli,author
1485,Subbarao Kambhampati,author
1486,Sue Hanhilammi,author
1487,Supratik Chakraborty,author
1488,Suresh Manandhar,author
1489,Susanne Heipcke,author
1490,Svenn Helge Grindhaug,author
1491,Sverker Janson,author
1492,Sylvain Cussat-Blanc,author
1493,Sylvain Darras,author
1494,Sylvain Lagrue,author
1495,Sylvain Merchez,author
1496,Sylvie Thiébaux,author
1497,Sébastien Giguère,author
1498,Sébastien Mouthuy,author
1499,Sébastien Sorlin,author
1500,Sébastien Tabary,author
1501,Takayuki Suyama,author
1502,Tania Bedrax-Weiss,author
1503,Taoufik Bouzoubaa,author
1504,Tarik Hadzic,author
1505,Tarik Hadžić,author
1506,Tenda Okimoto,author
1507,Teresa Hortalá-González,author
1508,Terrence W. K. Mak,author
1509,Thanasis Balafoutis,author
1510,Theodoros Damoulas,author
1511,Thi Bich Hanh Dao,author
1512,Thi Hong Hiep Nguyen,author
1513,Thi-Bich-Hanh Dao,author
1514,Thiago Pinheiro,author
1515,Thibaut Feydy,author
1516,Thierry Benoist,author
1517,Thierry Charnois,author
1518,Thierry Moisan,author
1519,Thierry Petit,author
1520,Thierry Vidal,author
1521,Thomas Bridi,author
1522,Thomas Schiex,author
1523,Thomas Schlechte,author
1524,Thomas Sjöland,author
1525,Thomas Stuart Henney,author
1526,Thomas Vossen,author
1527,Thorsten Gellermann,author
1528,Tias Guns,author
1529,Tiep Le,author
1530,Toby Walsh,author
1531,Todd Niven,author
1532,Tom Carchrae,author
1533,Tom Kelsey,author
1534,Tom Schrijvers,author
1535,Tomas Eric Nordlander,author
1536,Tomihisa Kamada,author
1537,Tommaso Urli,author
1538,Tony Minoru Tamura Lopes,author
1539,Torbjörn Keisu,author
1540,Torkel Franzén,author
1541,Torsten Fahle,author
1542,Toshihiro Matsui,author
1543,Toyotaro Suzumura,author
1544,Tran Cao Son,author
1545,Tristan Denmat,author
1546,Tyrel Russell,author
1547,Ugo Montanari,author
1548,Ulrich Junker,author
1549,Umberto Grandi,author
1550,Uri Shapen,author
1551,Vaibhav Rajeshirke,author
1552,Valentin Lemière,author
1553,Valentin Mayer-Eichberger,author
1554,Vasco M. Manquinho,author
1555,Venkata Praveen Guddeti,author
1556,Venkatesh Ramamoorthy,author
1557,Vianney Le Clément,author
1558,Vianney le Clément de Saint-Marcq,author
1559,Vibhav Gogate,author
1560,Vicente Ruiz de Angulo,author
1561,Victor Pillac,author
1562,Vijay A. Saraswat,author
1563,Vinasétan Ratheil Houndji,author
1564,Vincent Conitzer,author
1565,Vincent Goulet,author
1566,Vincent Tam,author
1567,Vincent Vidal,author
1568,Vitaly Lagoon,author
1569,Vivian De Smedt,author
1570,Víctor Dalmau,author
1571,Walid Zegal,author
1572,Wang Chiew Tan,author
1573,Wanxia Wei,author
1574,Warwick Harvey,author
1575,Wee Lum Tan,author
1576,Wei Li,author
1577,Wei Ming Zhang,author
1578,Wei Xia,author
1579,Weiqing He,author
1580,Wen Qi Huang,author
1581,Wen Su,author
1582,Wen-Yang Ku,author
1583,Will Taylor,author
1584,Willem Jan van Hoeve,author
1585,Willem-Jan van Hoeve,author
1586,William Klieber,author
1587,William S. Havens,author
1588,William Yeoh,author
1589,Wout Dullaert,author
1590,Wu Wei,author
1591,Xavier Lorca,author
1592,Xi Xie,author
1593,Xin Zhang,author
1594,Xujie Si,author
1595,Yahia Lebbah,author
1596,Yan Delon,author
1597,Yannis Vergados,author
1598,Yee Leung,author
1599,Yexiang Xue,author
1600,Yoav Shoham,author
1601,Yongjoon Joe,author
1602,Younes Mechqrane,author
1603,Youssef Hamadi,author
1604,Yu Li,author
1605,Yu Wai Shum,author
1606,Yuanlin Zhang,author
1607,Yue Jin,author
1608,Yuko Sakurai,author
1609,Yuri Malitsky,author
1610,Yves Caseau,author
1611,Yves Colombani,author
1612,Yves Deville,author
1613,Yves Papegay,author
1614,Zaher S. Andraus,author
1615,Zeynep Kiziltan,author
1616,Zhu Zhu,author
1617,Zoltan Somogyi,author
1618,Émilie Picard-Cantin,author
1619,Éric Grégoire,author
1620,Éric Piette,author
1621,Óscar Manzano,author
