98885fe4-5531-4b10-b947-794b5167f52f,principles and practice of constraint programming
2a09c523-6c1c-4dfa-a3e5-6451d722b15b,principles and practice of constraint programming
62077256-a1e1-4434-96ca-20bb136f4648,principles and practice of constraint programming
c4fb44bf-eaec-4cba-803d-5ef47c7e670b,principles and practice of constraint programming
0fb82e0f-c67a-480a-8099-9c71b0f255fb,principles and practice of constraint programming
8edf2084-d0a6-40a0-8a73-b259190e916e,principles and practice of constraint programming
0e8b5b70-4573-405b-90c7-a726c6bc4ad5,principles and practice of constraint programming
32caf665-09cc-4ab4-8ce9-0f5ac3833d61,principles and practice of constraint programming
39ec17f1-d5fb-4e78-a8a4-658480d5bc88,principles and practice of constraint programming
8cfa9a3c-3fb6-4fb3-b626-a2f5ca730d93,principles and practice of constraint programming
c25a29b0-785e-40c0-82ae-88a65dd00f2a,principles and practice of constraint programming
8955afa3-86b6-416a-a6eb-26fcb960f781,principles and practice of constraint programming
e67d7cb7-ff8e-42aa-ada6-6816490fb468,principles and practice of constraint programming
0abb97b7-b553-47b5-8d1e-c3318e43c0ea,principles and practice of constraint programming
726a737a-69ea-4a6d-81a4-dfdee0be68cf,principles and practice of constraint programming
8ea9af91-123b-4160-af68-f7565f88b719,principles and practice of constraint programming
55f67bce-226f-47bd-b0b0-4e951caa2ad0,principles and practice of constraint programming
a6361790-16c2-40a1-bff6-5b3faa113a97,principles and practice of constraint programming
08cee0c1-28a0-4890-ae7b-436169670f74,principles and practice of constraint programming
f3159344-d815-4be9-a2cb-1a5d0a55e39a,principles and practice of constraint programming
2b840eae-8720-461e-91ea-36e1e9598702,principles and practice of constraint programming
6d478b00-907e-498d-b439-3dd11b40e9f0,principles and practice of constraint programming
e7c9ebbd-fccf-449a-8511-fb33bf6ebd3a,principles and practice of constraint programming
4aefcb10-8ee4-47c5-a7fa-b5a51e1d95c3,principles and practice of constraint programming
1dfbd127-d994-4160-925c-f443cd207956,principles and practice of constraint programming
baa41727-280f-4015-ae8b-8ea8039e50ce,principles and practice of constraint programming
8d539d74-9d02-431c-9817-039d3c345e52,principles and practice of constraint programming
bf09ea68-9f9d-47fe-8d25-5e0c711fa1fd,principles and practice of constraint programming
63c37edc-70b7-4810-bae5-6b3010d05ad8,principles and practice of constraint programming
9832affd-f067-4cc9-8cb4-380c6e439011,principles and practice of constraint programming
3edb10df-b4f3-44f0-a679-cd544367a3ec,principles and practice of constraint programming
7dd0e2cf-6439-4f6c-8490-2eeebd416a47,principles and practice of constraint programming
dfeb2af5-7fd6-4b63-b858-82efabbc06ae,principles and practice of constraint programming
a8fe8b85-5b08-43f9-9208-4c49fb5c34f4,principles and practice of constraint programming
0743a5e6-0b70-4704-81bc-8df3ead45cf4,principles and practice of constraint programming
77e96b70-97aa-490a-99c0-023eb79e2ee8,principles and practice of constraint programming
8e4a4803-aa61-4336-aebd-c6d7f566217f,principles and practice of constraint programming
e9bda434-60ba-472a-bd03-96e34d43b356,principles and practice of constraint programming
d8275970-20a1-4d53-86c7-0f1322f7d79a,principles and practice of constraint programming
930e6608-7b38-4401-b81f-37ec63ebe420,principles and practice of constraint programming
c38627ea-803b-43da-83ad-95741e8be2ef,principles and practice of constraint programming
d323fbab-78e2-4c98-a230-ce401c1fb0b0,principles and practice of constraint programming
b41ebb37-3577-488d-939e-c944862e9a08,principles and practice of constraint programming
c3a8d285-b477-4e8d-b1f5-c27cdaaf2dc2,principles and practice of constraint programming
9d4a0c24-ed51-46b8-a366-b0c240128e5e,principles and practice of constraint programming
61db842b-6cd5-40c4-937e-791efce22862,principles and practice of constraint programming
e4ab471c-8e88-4534-adb0-ec5b0fba55d6,principles and practice of constraint programming
28943696-9fa6-4cb5-9d56-b7e8e370ae2b,principles and practice of constraint programming
63466b2a-50a3-46d5-95ab-4a250b6a699e,principles and practice of constraint programming
ca06347c-0e51-47cc-a26e-b93e1b6cad79,principles and practice of constraint programming
d37a9e2b-ebb2-4776-8c15-776f0bacf421,principles and practice of constraint programming
547383bc-6ad9-4e4f-bfd3-4d5ece3b4381,principles and practice of constraint programming
e12aaa72-41b7-437b-81d4-3bf7e106fda1,principles and practice of constraint programming
28fb4c0c-6caa-45e7-bb8c-c787297c84cc,principles and practice of constraint programming
2d0bed52-d95d-4711-b25d-96d726fbd876,principles and practice of constraint programming
2d420725-56a9-4ed2-aab7-e1d24c8162a3,principles and practice of constraint programming
484f098d-f207-4960-998b-c0eb999fb984,principles and practice of constraint programming
6a68ea71-2642-48cb-9491-e45af15c7f0b,principles and practice of constraint programming
47dfebb9-522b-4cc7-abe9-f4bfab632867,principles and practice of constraint programming
adc6b216-54af-4a1b-99fc-717a449173ad,principles and practice of constraint programming
3ec79d40-0b25-4013-8a41-9fd43e8bad8b,principles and practice of constraint programming
27898796-656d-4d1f-a43b-36abeece8d10,principles and practice of constraint programming
48e1275d-443e-4e00-8fd0-8a41fbc2f2fc,principles and practice of constraint programming
6208e9a9-77e7-4653-8c21-cd6a703554f7,principles and practice of constraint programming
a51ba3f0-1b8c-4831-87e0-f546eaa16357,principles and practice of constraint programming
b40a41fb-a6d5-4ac8-8408-4225ab54fec2,principles and practice of constraint programming
31b88bb7-3201-4358-89c2-57b22ba09daf,principles and practice of constraint programming
449b31ff-4729-4a36-941d-21d0c6adc2da,principles and practice of constraint programming
9034cb20-6031-491c-a293-7e17bd889318,principles and practice of constraint programming
27811d49-ef02-48a5-8169-4210a47ba55c,principles and practice of constraint programming
476a8b5e-2005-4342-bb8a-a8d1234bc895,principles and practice of constraint programming
8d2531fd-967b-460c-b109-5ebaf767feb8,principles and practice of constraint programming
a7adfdd0-7493-460c-b795-5cece15ec6ae,principles and practice of constraint programming
7f83a17b-cc31-4469-90d3-8a269064fad9,principles and practice of constraint programming
be847cba-3d9e-41db-ac00-bd8328cf4c2f,principles and practice of constraint programming
120b4e3d-0ebf-49b0-b11d-0802f03f0d26,principles and practice of constraint programming
17d0a9dc-3055-4f34-a55b-f239a6cd4412,principles and practice of constraint programming
27755297-f1ab-465e-be3d-cdab9312eb74,principles and practice of constraint programming
41dec34e-d39d-496a-b1f1-f256c5969247,principles and practice of constraint programming
6a45462d-e190-4db9-98db-c508a1715de4,principles and practice of constraint programming
11f9d1d9-42de-44a3-af07-3d67872fc3e0,principles and practice of constraint programming
496d0fae-bc87-4b37-95e0-de9616464ea8,principles and practice of constraint programming
52559f59-8418-4857-8a53-3521c33ccfc2,principles and practice of constraint programming
7d6d9d32-9559-4ea0-b180-df1ab6135916,principles and practice of constraint programming
a4bfc136-fc5d-4d44-ad40-b4e2b40dc598,principles and practice of constraint programming
32544aae-8745-4a4c-ac31-e80080bdd057,principles and practice of constraint programming
6a230b13-302b-412c-8343-4964019eb87e,principles and practice of constraint programming
442ae964-034f-4d6e-b084-3eed593f71a3,principles and practice of constraint programming
99ebbeb4-ca22-426c-929b-c3bd723b743b,principles and practice of constraint programming
caf19509-0ff4-4305-ac21-a69c38af4866,principles and practice of constraint programming
23b20861-4f83-493c-8f3e-a54cfe0b47e2,principles and practice of constraint programming
c6d74fe5-8cd7-45c8-bff8-79026caac5b3,principles and practice of constraint programming
498951ee-268e-4f4e-a8c4-6a639499e282,principles and practice of constraint programming
41c847a9-b5c0-446c-93a0-16b3467808e9,principles and practice of constraint programming
72726610-60a9-4a83-8b87-65743d9d0e71,principles and practice of constraint programming
e3040855-cc38-475c-984a-0f6524567698,principles and practice of constraint programming
0cd490ee-d8f4-4e77-adb2-56e663ac128a,principles and practice of constraint programming
1073a8f0-83f1-4d9b-af74-761c99c6a51b,principles and practice of constraint programming
32342d5d-cfa7-4007-ab70-fc177d1661c6,principles and practice of constraint programming
3700e34d-f1bb-46ef-bdd8-da5eae3a1cf2,principles and practice of constraint programming
38bda083-043b-47b4-b94d-9046ce353207,principles and practice of constraint programming
6c16f55c-b11d-4cef-b81d-b91438236126,principles and practice of constraint programming
6fde2ac2-7f02-4564-94f4-210d626ddde5,principles and practice of constraint programming
8ae87efc-7546-4a2b-8d74-6f8dfd605153,principles and practice of constraint programming
8e562480-e345-42a3-bd9d-d8540501ddbb,principles and practice of constraint programming
ab8c3022-30fa-4ac2-9bad-a7ef43f1fd79,principles and practice of constraint programming
e1ba1cc5-f8a7-403a-ab8d-fc37f9d21728,principles and practice of constraint programming
f5807d28-1fa9-400e-92ed-a1bb09291695,principles and practice of constraint programming
f7c8753d-ad31-409b-b39d-3a4089bb0a14,principles and practice of constraint programming
f93c4c98-d257-42a1-a4a0-6705d16f572d,principles and practice of constraint programming
eba61a64-b45c-4cb4-a779-80b65c9c8bf9,principles and practice of constraint programming
8299900d-9d10-4fa1-82ae-144a39347141,principles and practice of constraint programming
3e4187ab-c4ba-497f-b221-c71747bc38e7,Constraints - An International Journal
67120544-6922-43b2-9832-319b9d9148f4,Constraints - An International Journal
6d7af6f9-c9b6-48d6-97a5-8f261e9d462e,Constraints - An International Journal
05aeb2d4-b717-4a3d-92a8-beaea93d3e4a,principles and practice of constraint programming
f30fccbf-f35a-4647-87f5-54f99a43a354,principles and practice of constraint programming
4d0b4edd-cd64-4bf6-850a-791eca11e03b,principles and practice of constraint programming
71f48c4f-4f14-41eb-a838-2adbcf9350ec,principles and practice of constraint programming
001c3d0b-c11e-4714-90ef-3bb27a723234,principles and practice of constraint programming
00268789-e3e5-492a-b28a-66cabccb1787,Constraints - An International Journal
00a5540b-2a01-4833-85bb-34c8467e9030,principles and practice of constraint programming
00c09b7f-01f2-4b13-9350-ec985306c394,Constraints - An International Journal
02b1af18-1d17-45fe-96a0-917eed8ce27d,principles and practice of constraint programming
0481a25e-989b-4ed7-9ac4-7cb599e24f8f,principles and practice of constraint programming
0594624e-f058-43a0-809c-3266ef2693e6,principles and practice of constraint programming
06d534a2-0563-475c-90ec-d43e516ae9c8,Constraints - An International Journal
09308b99-e185-429a-bd46-132f612598ef,principles and practice of constraint programming
09e7c042-b664-4926-b147-1a287be0c558,principles and practice of constraint programming
0ab0e88f-d967-4594-9f95-b81503a27fcb,principles and practice of constraint programming
0b096495-8f12-4748-b1f0-9004ffdf69ac,principles and practice of constraint programming
0b4be42c-2b38-4bdc-8926-52b53b72b5a2,Constraints - An International Journal
0bb3cdd7-1c6b-4bd4-8e35-d5421feb1da0,principles and practice of constraint programming
0cf2ffd4-0f08-4c48-baa2-dd1f913ce005,Constraints - An International Journal
0e841b0d-799d-4674-9f5b-8f5ffe9b5c1c,principles and practice of constraint programming
0f4bac53-341f-4c67-bd0c-1604d5aead94,principles and practice of constraint programming
1110e2e4-b342-4fc9-bf33-7e2c27055ede,principles and practice of constraint programming
174698fc-41c3-4dfe-b882-c26aee596647,principles and practice of constraint programming
181a9c2e-b0b0-468b-bde0-c443000a252d,principles and practice of constraint programming
18d8a206-415e-42d4-8e0b-67994c01979d,principles and practice of constraint programming
18e54d92-3571-4303-b4a2-5841664f5f20,principles and practice of constraint programming
18eb0fd2-4d0c-4207-8cbc-f2263a632885,principles and practice of constraint programming
1987e169-14a6-4f3d-bdc8-ff3c8b2e19c2,principles and practice of constraint programming
1a7616e5-7686-4ded-b918-93d63b0fd9ec,principles and practice of constraint programming
1b64f07f-6e1c-4425-9518-3e007ad40b6d,principles and practice of constraint programming
1c1fa2e2-c9b8-4058-9041-034edcce96bf,principles and practice of constraint programming
1c59f1e6-ceeb-4213-88e5-3c939ce65e5b,principles and practice of constraint programming
1e64f7a4-23e2-46e1-933d-ac55b70ecab4,principles and practice of constraint programming
1e67cd6a-4f22-47cc-8df5-282f73a4617d,principles and practice of constraint programming
1eb4b2af-2840-4d29-93da-d2b73f58ee1a,principles and practice of constraint programming
1f5fdf35-484d-4dcf-91d2-3a501335c7cb,principles and practice of constraint programming
1f8d317d-126c-4733-a885-e1f169bafca4,principles and practice of constraint programming
207a0342-2c8f-49f7-ac7e-de8976156ca3,principles and practice of constraint programming
20e38a61-2c90-4295-bc80-e271c1eaff9b,principles and practice of constraint programming
21332ee6-60d1-470c-9cbd-2b9b3ed644dd,principles and practice of constraint programming
2138b8bb-ac33-4d5b-a6c5-b5dd9ef1bc81,principles and practice of constraint programming
23196125-0f60-477f-b800-b80cb652fc20,principles and practice of constraint programming
2393be24-109d-43b0-a00f-dd5681758e4a,principles and practice of constraint programming
2592dff0-9375-4eff-ab73-245bd0fcaa52,principles and practice of constraint programming
2712d682-79d8-416a-816a-d88e16c735a4,Constraints - An International Journal
27b6bbf1-810f-4466-bd4e-6f338037b3a3,principles and practice of constraint programming
2913b0e5-5f7a-4b91-8217-1f17ea369549,principles and practice of constraint programming
29a29201-37c4-4766-86a7-f00bdc3249d2,principles and practice of constraint programming
2a41f48e-20fc-48f1-893d-d35c0d6f01ce,principles and practice of constraint programming
2adc56df-b888-4262-85b6-29c9353fb4e3,principles and practice of constraint programming
2ae1013b-efdb-4eea-a996-756f8637d4cd,principles and practice of constraint programming
2b97cfba-fefb-47b2-8b7b-7a385c75037e,principles and practice of constraint programming
2bbcdf8e-b80d-48c6-a492-28464622cb10,principles and practice of constraint programming
2c1de2c6-f6e7-4c17-b5b4-1535025db0a7,principles and practice of constraint programming
2d3bcf15-d907-44c6-9650-eede974bc5a1,principles and practice of constraint programming
2de37624-bb45-4c4c-8073-0047d823466b,principles and practice of constraint programming
2eefcc19-ad01-4cfa-a3c5-f3f880b79589,principles and practice of constraint programming
2fa06dae-d8ac-447c-8882-26ea254ec2ae,principles and practice of constraint programming
3042f6bd-eb69-47c6-ac3e-24b478de309d,Constraints - An International Journal
322721aa-e1f5-4684-9134-c22857828b96,principles and practice of constraint programming
33801b82-b556-4ee6-8fae-b4370228f384,principles and practice of constraint programming
33879111-9bad-4b07-93fa-2c0fc30b8cd2,principles and practice of constraint programming
33ea1fb6-213a-4755-8344-a57221316145,principles and practice of constraint programming
343022e4-fedc-4da6-aad4-ee9c8eb6ac0a,principles and practice of constraint programming
3449454e-e53d-4b55-a8f4-029b5fe2904c,principles and practice of constraint programming
35b05686-7dd1-476b-ba28-f52a649048fc,principles and practice of constraint programming
35fa5095-2456-4051-a712-b4a7ad708bd8,principles and practice of constraint programming
36f8fea1-496b-4da1-9c66-ec7c044005b9,principles and practice of constraint programming
370b077e-4274-42fa-8a50-cdc0b72f8970,principles and practice of constraint programming
37ce4b3a-635e-4478-8676-07110d0a65e3,principles and practice of constraint programming
3904b60c-f375-4337-9b48-395522e7ab83,principles and practice of constraint programming
3ae2d067-290e-4ac4-926f-7b45ff4fd1c7,principles and practice of constraint programming
3b30bbb5-91b1-4271-abf2-f3ed3bbc83d8,principles and practice of constraint programming
3d592c46-e917-4b06-9c35-d9f5c4597870,principles and practice of constraint programming
3d71ed35-d97f-4574-a932-d77d06dd710b,principles and practice of constraint programming
3e6d8c2f-da77-4533-afb9-9322b7291438,principles and practice of constraint programming
400833dc-003c-420d-b988-a785e0dd9c21,principles and practice of constraint programming
41e60ace-61ad-4e5d-a8c7-37c35d2fa099,principles and practice of constraint programming
41fe4552-2eb2-4102-b0a2-3ec415225df7,Constraints - An International Journal
42c903f8-9313-4b07-ac7b-1a71e10a1db8,Constraints - An International Journal
4301b7ed-4afe-4c70-b2f2-424a566a3592,principles and practice of constraint programming
44cf6e96-8c15-4686-ba2b-ef3c0f0fe761,principles and practice of constraint programming
45350d54-7d60-419f-a199-8d4bcf174f5e,principles and practice of constraint programming
47ab389f-4662-4d43-a75a-cce5d771826c,principles and practice of constraint programming
48918ba8-3f14-443e-a768-a6a2ad8b9c65,principles and practice of constraint programming
4923555a-c935-4777-9a63-12ee1b996c99,principles and practice of constraint programming
49dcf6bd-73cb-4611-bb31-be81c7632d37,principles and practice of constraint programming
4ccdce6a-ae3c-42d0-92e7-19b6edc3eed6,principles and practice of constraint programming
4d3e2bea-a67c-4ce5-89ce-8521f8b3c45b,principles and practice of constraint programming
4eef67dc-7d77-4c05-9eb1-590b06dd21c6,principles and practice of constraint programming
504a1d81-34a6-47e4-95d8-3ecd82d5947e,principles and practice of constraint programming
51365862-0755-457b-ae4f-e7a2fc9188d9,principles and practice of constraint programming
51f66804-7582-4db3-85a4-040e20fcd856,principles and practice of constraint programming
5367cebc-451e-4600-9b73-cf4ec7d2441e,principles and practice of constraint programming
53fb0dd4-418b-43c7-a212-c51632d4e251,principles and practice of constraint programming
550e630e-8bec-4499-bdd8-e498aebec294,principles and practice of constraint programming
55898bcb-2bd6-4aa3-9cc3-ab16320dc8c8,principles and practice of constraint programming
55ea717d-a989-4bf7-81cb-5a06889cac0b,principles and practice of constraint programming
5685136d-8ad6-41a7-918d-d6162b2dc8e1,principles and practice of constraint programming
56b054ad-7fa0-47ae-aa67-c7ada3ade62e,Constraints - An International Journal
58daf276-9966-4053-9372-52c25da14e73,principles and practice of constraint programming
5c420e30-6c16-4458-81eb-11b928f480b3,principles and practice of constraint programming
5edc5c1e-55d5-443e-a59a-cad8fe65f087,principles and practice of constraint programming
5ee929e2-63c0-42d6-a3c7-75fbfff9d5b3,principles and practice of constraint programming
5eeb3b60-7618-4dfb-9918-524ac7f04ff4,principles and practice of constraint programming
5fcada56-89b5-4ed3-b35c-27ebaa7928af,principles and practice of constraint programming
608d5fe5-0b39-45b4-a235-dd5af570ce46,principles and practice of constraint programming
61eaa5f4-45e6-4f7b-addf-832e685be88f,principles and practice of constraint programming
6269aff4-ca16-47c9-b05b-e82e7e4c0a19,principles and practice of constraint programming
62e608b2-204c-4d2a-9d2f-e681738a4da2,principles and practice of constraint programming
63b87a93-8b05-4de1-ac21-363f0e3ce287,principles and practice of constraint programming
642f7a1a-ef4c-4ace-b927-8d5a8879c996,principles and practice of constraint programming
66fa5a69-9574-4174-b9ce-e2fc886d2b49,principles and practice of constraint programming
68e4e343-a3c9-4b35-94d8-2d343f6a3a1f,principles and practice of constraint programming
69500dfa-ecbb-4c0e-a988-c02f82385478,principles and practice of constraint programming
69f2d31a-d9a8-4176-ae79-06e98cc4c46e,Constraints - An International Journal
6b4ceedc-3112-49c4-a0b4-a4a71fe2706d,Constraints - An International Journal
6e95a585-b70a-4072-9738-69d133107dff,principles and practice of constraint programming
723f7fe2-86b5-425f-bb9d-93ca20042e27,Constraints - An International Journal
74b3cc3e-ce5b-4c57-a0b7-a5048a8aa269,principles and practice of constraint programming
75a9cba4-e236-47f0-848a-a1b11de485ec,principles and practice of constraint programming
773e2489-c269-4700-aab9-e662d34c55e7,principles and practice of constraint programming
77d77c78-1c81-47d8-ad47-ffc3aa8198fd,principles and practice of constraint programming
78b7bee2-e70f-4a33-916f-5f11cdafeec2,principles and practice of constraint programming
7ac1f6fc-3568-4d8f-a601-4cc6424071ed,principles and practice of constraint programming
7b7dcce0-33e3-4afd-9392-54a03a3b5e91,principles and practice of constraint programming
7c30ee34-a2b9-44d4-93ec-0f06b7c94d81,principles and practice of constraint programming
7c48d285-37e5-4939-8d7e-7bb7d8f2f106,principles and practice of constraint programming
7cb18b21-769c-48cf-8737-e4ec7add092a,principles and practice of constraint programming
7f5475a8-3d76-4815-8d78-ee5198ca73c7,Constraints - An International Journal
7fd6c364-9514-4d78-9e67-a80add822385,principles and practice of constraint programming
801a5326-1061-41cb-9762-1fb95cbf124e,principles and practice of constraint programming
80c37289-f453-45e6-a430-88a6a77f2c90,principles and practice of constraint programming
83bfec42-3bbb-4bd3-804a-4b28099d1435,principles and practice of constraint programming
83fea0ca-34a9-4415-8c56-89a17ceaaff9,principles and practice of constraint programming
840ae873-f2f8-4dad-817e-3f2c899315cc,Constraints - An International Journal
84b271be-0480-4195-abe8-78e668cb06ee,principles and practice of constraint programming
85381c29-1c51-4cb6-98b5-d0863c849b63,principles and practice of constraint programming
8651f585-6a8e-4f84-a765-9b8dbe50f2fc,principles and practice of constraint programming
86a9e36f-0bd0-4abe-87d5-e2ad46dd8391,principles and practice of constraint programming
86dcd9a6-0664-433d-8d2d-e4abbd33cc93,principles and practice of constraint programming
86ff146d-1a3d-439f-bc18-908d811ff97c,principles and practice of constraint programming
88aacd04-b188-4c0d-9f2d-dbb83d24def5,principles and practice of constraint programming
89187cfe-7220-4fdf-94d9-1c45bd3f4682,principles and practice of constraint programming
8ac3941f-4b9d-4cc6-bcd2-941653ea1579,principles and practice of constraint programming
8ac77242-8b66-4518-8bdd-a4732101710f,principles and practice of constraint programming
8bc13aa8-42bf-443f-b534-d334554fbdb7,principles and practice of constraint programming
8c8f442e-0ec6-4093-9f66-063200b8a0f3,principles and practice of constraint programming
91033797-fc29-4f77-95d7-8a3d7b66f90f,principles and practice of constraint programming
924d8a7e-5b3c-4d3b-bdc9-2dc2cd2d42d7,principles and practice of constraint programming
927915f4-2969-42b2-890a-011bb7096639,principles and practice of constraint programming
953d0076-bf9c-497b-a424-a0f2c17fb3fc,Constraints - An International Journal
95cd3bca-f9ac-4919-9f04-7f52a0c7a4fc,principles and practice of constraint programming
96718b08-4a32-4aa3-b1e7-c7bb91609e7f,principles and practice of constraint programming
9708398c-490a-4f4c-9e7c-6aa613834025,principles and practice of constraint programming
972ac504-6f79-4315-b9ae-ec26bd7cd127,principles and practice of constraint programming
9854fc01-2244-4d3c-9f0a-6dfd27491ca9,principles and practice of constraint programming
9921ccbb-77b5-47eb-a350-775b1461fd7f,principles and practice of constraint programming
9a093717-acb1-493c-bcba-b867e98d0cdf,principles and practice of constraint programming
9b25ec9d-87aa-477d-89b8-8ea251470dff,principles and practice of constraint programming
9b4b71a6-ec59-4f93-8ff2-731fcc33a402,principles and practice of constraint programming
9bc19040-60e9-4f41-a2c6-689a4fd9f995,principles and practice of constraint programming
9c034615-e45a-46c0-b3e8-d42a51c6f548,principles and practice of constraint programming
9dac1d95-a748-4671-a90a-28c5cfcfa14f,principles and practice of constraint programming
9f23cb16-7bed-43a6-a983-d215a037c276,Constraints - An International Journal
9ff80ac6-4773-4369-a175-ebd77a6c8df6,principles and practice of constraint programming
a09d87af-35a4-4a11-aad4-c86a2a22b272,Constraints - An International Journal
a0cf80ac-ed36-4cd7-bf3c-497ba31d3526,principles and practice of constraint programming
a1ccc376-e635-4601-9c64-8868b4893059,principles and practice of constraint programming
a3ab1047-591f-4998-b2f1-7ea659b2e2e5,principles and practice of constraint programming
a3c6a0cd-5638-4007-b9d2-993de7a3a9bc,principles and practice of constraint programming
a47a272f-c52e-41de-89e7-d74791e211f1,principles and practice of constraint programming
a4d611db-f1d4-4c7d-8a9d-1d7ac80c7d7a,principles and practice of constraint programming
a56c7285-0b2a-4585-9009-f6281ae6b73c,principles and practice of constraint programming
a7ed5f65-917a-4a81-a48f-12a554368baa,principles and practice of constraint programming
a8309827-81c8-4832-9384-1b1c21b62c54,principles and practice of constraint programming
a89048a9-fb5f-4ce0-bbe8-90a8d3937703,principles and practice of constraint programming
a8f75cd1-3096-44bd-af87-99af3cf08809,principles and practice of constraint programming
a91384df-da46-4a7b-ad8c-79c3bc4a1857,principles and practice of constraint programming
a9d9ced9-c6b7-4a1f-9635-aa6b72c7712b,principles and practice of constraint programming
aa6a53db-9ef0-4068-b1ee-24b93352a628,Constraints - An International Journal
ab9f826c-8ce4-44d7-b567-f3ffc40717af,principles and practice of constraint programming
abcd2af4-b96a-4e36-8b35-43a07f8ee7d8,principles and practice of constraint programming
abfb0d21-23e9-4d61-8e39-a4bd306391cd,principles and practice of constraint programming
acaa509e-633b-40e9-b4d4-3fa7f5815a38,principles and practice of constraint programming
adb43784-1b7d-4774-bc06-dc48427dfc95,Constraints - An International Journal
aff6d604-5cbe-48ce-b3ad-a02511567d9f,principles and practice of constraint programming
b264aa97-2101-4bb1-8eea-38f397543f9b,principles and practice of constraint programming
b51a3da1-4d2e-4442-88e1-859db2f600ce,principles and practice of constraint programming
b5983e41-4b91-4712-a5ef-dc62815a087d,principles and practice of constraint programming
b63741bc-b072-433c-bf53-b7c43c128398,principles and practice of constraint programming
b7412f1b-1110-4bcb-b480-98f8c6740f46,principles and practice of constraint programming
ba23de00-efa1-444d-ab71-bc34b62537d4,principles and practice of constraint programming
ba4ca157-218e-4216-91d1-f3beaf9365b5,principles and practice of constraint programming
bb975978-4b43-49d0-af56-1648df57d5d8,principles and practice of constraint programming
bc4294c8-6878-48ed-98e9-81dd30e13235,principles and practice of constraint programming
c09052f9-1567-470a-ab21-2e6e6eef5af9,principles and practice of constraint programming
c1b73ec3-c830-4dac-989a-d730cdf4de1d,principles and practice of constraint programming
c1ea1382-d055-417c-b62c-87efc53e5fdb,principles and practice of constraint programming
c24d219b-1089-46d5-bba4-a8271db9a05c,principles and practice of constraint programming
c31af26a-0787-4e75-9564-c3ac58f7f75a,principles and practice of constraint programming
c4c84228-3df9-4906-a18a-3e44afc90118,Constraints - An International Journal
c58aeaa8-e6a7-4bae-a290-4d06f6de2176,principles and practice of constraint programming
c6ed8b54-38ee-4ce7-b02d-61a78de5e240,principles and practice of constraint programming
c90395e4-a275-4cff-bd83-de6732fc315d,principles and practice of constraint programming
caa7dd4f-e83b-4899-a02e-acd392e5fbac,principles and practice of constraint programming
cb97aafc-68de-441a-aec2-9df49e532655,principles and practice of constraint programming
cba4307a-5004-44e6-b3b2-6f671bfb9e60,principles and practice of constraint programming
cbef6033-dc0f-48f2-a799-6e33925d4bf0,principles and practice of constraint programming
cc543d2a-3be5-4c6d-b24a-092e0277570d,principles and practice of constraint programming
cccb246b-8c8a-4b44-b278-e4ae114f4cb8,principles and practice of constraint programming
d03de870-4405-46b0-8bda-2862d0d56dc2,Constraints - An International Journal
d1322aa2-1c1c-4d00-9024-f908e73b177b,principles and practice of constraint programming
d2175933-a4a2-4db4-90ca-187f35a468e5,principles and practice of constraint programming
d2202424-970d-4e63-9538-6e1de8a7c306,principles and practice of constraint programming
d2c07269-706f-42d0-9d89-8b22ddead870,principles and practice of constraint programming
d39d7126-79c5-4a16-a831-8437814103dc,principles and practice of constraint programming
d5247705-ef77-4c03-bec8-88c2a379d7b4,principles and practice of constraint programming
d5a8ab0e-309b-4b37-9b15-91f20cb86e10,principles and practice of constraint programming
d5b56c0c-ae77-47eb-8a4b-f74c79036c16,principles and practice of constraint programming
d67cb092-c7cf-4cca-ab00-2f2e5df672e4,principles and practice of constraint programming
d72a31ef-a61f-48a7-b208-55f83b562d10,principles and practice of constraint programming
d8d27300-be4a-4c65-9f04-3bb5c529e4ef,principles and practice of constraint programming
d9d2bafb-702a-48ec-a02b-50850aa6e999,principles and practice of constraint programming
d9fb77d5-fdc2-493b-b531-e37c33687e59,principles and practice of constraint programming
da9c62f9-5558-4e4c-85be-95d335283d9d,principles and practice of constraint programming
db069c71-5714-4050-a7ec-3d135987dda4,principles and practice of constraint programming
dbcc949a-c6a0-4330-8a19-d8800123b1f8,principles and practice of constraint programming
dc2f6457-3811-4349-9eff-325afaf74fc5,principles and practice of constraint programming
dd1d9096-6d13-4a86-a7cd-db817613e6af,principles and practice of constraint programming
ddfc379e-e0de-4dd0-ba71-98024e8d0b47,principles and practice of constraint programming
df0ec341-b482-4cd2-9cb7-36e7606f1e56,principles and practice of constraint programming
e1406549-31de-4c58-8576-0d1118ab8b71,principles and practice of constraint programming
e26a8c50-2765-4b17-9a6a-7890d70b8abf,principles and practice of constraint programming
e28c10fc-22d2-41b3-9a9e-7d9dce4d97c9,Constraints - An International Journal
e297f146-70ea-49b8-a8e7-688105f8e6ac,principles and practice of constraint programming
e455397c-17e9-458b-b90e-c4902fad6c07,principles and practice of constraint programming
e50cf3ad-7432-4ff9-96a6-debf29f5172a,principles and practice of constraint programming
e51d285f-4894-488b-b260-79411e991943,principles and practice of constraint programming
e6be2b88-fb0e-4f5c-bb2b-af93b239605b,principles and practice of constraint programming
e6f671d2-61c1-448d-912e-9c6c3f3137a4,principles and practice of constraint programming
e7832c48-ee1e-40b8-93e3-41150bcefbd2,Constraints - An International Journal
e7fca769-dc01-495e-891f-97794c180a51,principles and practice of constraint programming
e83d7972-108d-4214-bd87-b559306fc954,Constraints - An International Journal
eb928df8-66d9-4109-8cd3-81c70530dfe5,principles and practice of constraint programming
ebf3a3bf-3296-4c0c-bc5f-d34ca9747ad1,Constraints - An International Journal
eca6d65d-fec6-4b1b-80ab-77018f3375fa,principles and practice of constraint programming
ee9db0c0-ac48-45a7-9b8b-f750495db718,principles and practice of constraint programming
ef609cc3-5e8a-4013-8b38-5bb5d131e1e9,principles and practice of constraint programming
efee242d-b7e0-44b2-a3bf-43c283158d9f,Constraints - An International Journal
f144ecce-d2a7-4936-946a-ed2925e5921c,principles and practice of constraint programming
f163934b-cbc5-4074-8211-6d48fdd119c0,principles and practice of constraint programming
f2c680fe-2dc3-4aa9-b994-2095d71aaa31,principles and practice of constraint programming
f3e4036f-825f-4063-9b80-e14ecd65ee88,principles and practice of constraint programming
f4622a30-128d-47bc-bf92-317fe5915b4a,principles and practice of constraint programming
f4ea6b52-130c-4c5f-b850-3cb07b6981fa,principles and practice of constraint programming
f5efe5d5-0abb-4fc1-bf33-eade5a004da7,principles and practice of constraint programming
f6c490a8-c641-44ca-ba25-3e3c8cb22a19,principles and practice of constraint programming
f7352212-1440-47da-9277-f086dd264678,principles and practice of constraint programming
f82c3d33-9eaa-4a0b-813b-2106f7ce0ef9,principles and practice of constraint programming
f842bb39-a33d-41dc-995f-9230e83efabf,principles and practice of constraint programming
f8495ae5-39a3-4ae3-845b-dd4813db41af,principles and practice of constraint programming
fa5befcf-881a-47ac-a180-61368d000b5a,principles and practice of constraint programming
fc17713d-a829-4e1a-a4c3-488331370b46,principles and practice of constraint programming
fd66cd8d-3a69-4abd-b00b-9932f68f91bb,principles and practice of constraint programming
fdb14d50-3721-425f-a84a-02da27d31c8d,principles and practice of constraint programming
fdf4b9aa-ffcc-415c-b056-0f121ce88068,principles and practice of constraint programming
fec8bdc0-71d1-46c8-b3da-e94ff2062ac5,principles and practice of constraint programming
18515e1e-0e9b-4201-9579-3b3414ec9dc3,principles and practice of constraint programming
40f86c9a-9c88-47e6-8649-2fcea7c02380,Constraints - An International Journal
5fbfbb95-1e8b-418d-a5da-18a702dc0d7b,principles and practice of constraint programming
6db426fb-0720-4ca0-9fcb-d3834066fb2d,principles and practice of constraint programming
729c17cb-a434-4563-b277-128483cef1d2,principles and practice of constraint programming
7ac58519-c8a1-41db-8977-ab3d81965367,principles and practice of constraint programming
9b2e731a-eb0f-46d0-b62b-0b5ef5a5ee60,principles and practice of constraint programming
a862732b-f032-4a4c-b58f-a6ea0557c399,principles and practice of constraint programming
c20ea2eb-df11-49fa-ba0f-c7e60151377a,principles and practice of constraint programming
cb168f9f-1a80-48fc-bcb0-eea2881a7323,principles and practice of constraint programming
d1441720-c3d3-4d71-b713-bbf4b02c4e24,principles and practice of constraint programming
1ac781f4-77e3-4dc3-891e-9b9c898cb611,principles and practice of constraint programming
1d8e2c9a-2431-4ce9-adf9-7adee0a1c050,principles and practice of constraint programming
29a49d6c-7e9f-4b77-9f62-92c4ad74e0fc,principles and practice of constraint programming
3389fe9a-7e1c-4594-bb3b-dbff33b144c2,Constraints - An International Journal
5916e990-f24d-4d70-afd0-f4a82ff397db,principles and practice of constraint programming
7d7fcc73-d366-4e7d-94e8-69d133d077c9,principles and practice of constraint programming
a021c21d-198f-4f4e-8a10-f17da27b55f7,principles and practice of constraint programming
a434d244-9e3c-461b-bf4e-3e37810439f7,principles and practice of constraint programming
aff05acb-d2b8-497b-baf7-8e1f1fe2357c,Constraints - An International Journal
b83bae6a-c891-423f-8c98-18033a5bbb42,principles and practice of constraint programming
d23ff1f7-b31b-483b-88a8-3f5fa8f0602b,principles and practice of constraint programming
e491ee9b-ddaa-43c2-a60a-ef65955f06b4,principles and practice of constraint programming
09429cd8-d578-4ccf-9f67-d8f48dd6e37c,principles and practice of constraint programming
0d3bbaa7-f390-46f7-a8cb-c4182da8c3a8,principles and practice of constraint programming
128bf3d5-dd5c-424b-a757-14199bff50b4,principles and practice of constraint programming
1b64d5c4-afce-47e3-acd7-45c077be98ed,principles and practice of constraint programming
1d0b1de9-386b-47fb-8423-4d6118114405,principles and practice of constraint programming
1f57f7ba-8195-4b18-8453-1a0daa581cb8,principles and practice of constraint programming
25cf67f5-fd06-477e-9ce9-2abab4bdc1f5,principles and practice of constraint programming
28c16034-be02-4605-afcb-89570696badf,principles and practice of constraint programming
2d727e51-e139-43af-a520-5f87cfef302e,principles and practice of constraint programming
2d9930f5-5c6a-4c0a-84d2-cc4432f419e5,principles and practice of constraint programming
45f96ea4-6fd6-4fc8-9366-14ed7c07e6d9,principles and practice of constraint programming
4a088092-ba97-480a-9cbe-c629225b5b9f,principles and practice of constraint programming
54b74064-fe7e-4a2d-96cd-4ba9120eaf64,principles and practice of constraint programming
5d19389b-d260-4896-bbe7-6c1e1c2f512a,principles and practice of constraint programming
5e9769f8-9e26-4135-aca2-e6f9ac455f0a,principles and practice of constraint programming
6422dc75-6694-4ad9-97ce-b92cf61bcf9d,Constraints - An International Journal
68a8decb-b03e-4009-9055-089002e7fb0b,principles and practice of constraint programming
8c228125-e8ad-4497-888e-9b68fd837bab,Constraints - An International Journal
a4dd3d7d-4c58-44a2-8717-47c4bc9afd1d,principles and practice of constraint programming
a5a13308-84f2-4baf-9213-0fe83a96cfda,principles and practice of constraint programming
a693ec6e-12ad-4712-9b43-a8482f0b200c,principles and practice of constraint programming
abfe2bbe-0d1d-4bba-8205-db3e1cd66de0,principles and practice of constraint programming
af200b7f-8a4f-4486-8b73-e9b2ad07e195,principles and practice of constraint programming
b390edb8-86f2-4340-869c-c83a55acc903,principles and practice of constraint programming
c59a437c-2acd-4e21-aae2-2c5108a2b14b,principles and practice of constraint programming
c5d78ffc-b252-4554-8dc8-463721e17a61,principles and practice of constraint programming
e15eb00c-36a3-438e-981e-d0db3d915a68,principles and practice of constraint programming
f151a15d-4e57-435e-b58b-757f33180853,principles and practice of constraint programming
f32bb072-e01f-46e1-832a-2276de1d3509,principles and practice of constraint programming
ffd1c0da-fa9a-452c-97b6-f96178f14064,principles and practice of constraint programming
06678ba3-931f-4a35-b9eb-6b6f7e5e9a6f,principles and practice of constraint programming
0760a499-bca5-4dde-89e5-30f963cf6890,principles and practice of constraint programming
08e78a63-81f5-4afa-94ea-54f23d916f58,principles and practice of constraint programming
10528455-0deb-47f9-9283-f34d2678fb94,principles and practice of constraint programming
1d9a4d2c-9fab-431b-bbc2-7370db1a7111,principles and practice of constraint programming
2224914c-d651-4977-9749-c1a25b3ee8c4,principles and practice of constraint programming
30e28932-0c56-472d-bf78-34a67b55e6f6,principles and practice of constraint programming
4f5cc606-da95-4c8b-af1a-c1bb7ed3c1be,principles and practice of constraint programming
538326b0-9edb-4211-930c-12580e7afa7a,principles and practice of constraint programming
56a1736e-2815-46b4-b781-4f77f545b49d,principles and practice of constraint programming
5dcc2f2a-2be3-49c3-a90e-da5aa431a2eb,principles and practice of constraint programming
611c1ce8-ca54-453c-8aa8-5f07d236cbb0,principles and practice of constraint programming
65e05588-bb8f-4c86-9c6c-2b7016ff31fe,Constraints - An International Journal
71450623-b027-4fe6-9bd1-efa12a8ac412,principles and practice of constraint programming
8533c433-6e0e-4135-87ae-d8079587f992,principles and practice of constraint programming
85b1e475-7bc6-431a-b47f-119b36b6bead,principles and practice of constraint programming
87a34194-ce7b-4329-8b9c-16a2230358a3,principles and practice of constraint programming
88fd43e7-c46a-4edf-9726-8c8e44a52ac0,principles and practice of constraint programming
89fa87b8-1867-44d0-8396-aaa0a91ffd85,principles and practice of constraint programming
94039740-afaa-4b9a-bfb9-f96a9b000931,principles and practice of constraint programming
9cd0d720-adce-4bfb-9a8b-4a0e5ae67b3c,principles and practice of constraint programming
b4851255-cd2d-4598-890e-56f248c3f901,principles and practice of constraint programming
ba7d460f-d64a-4836-9ef0-f74e84bb8189,principles and practice of constraint programming
badc6491-5a2b-4023-8a41-e5a137885d8c,principles and practice of constraint programming
bcc8e65c-ae07-4f13-85a9-a37d6b8063f4,principles and practice of constraint programming
c0179aa7-7ecb-45e6-9fd0-2707cd7d4d41,principles and practice of constraint programming
cc05f31a-2b4e-4c3f-8f2b-fea4747fcfe7,principles and practice of constraint programming
d12faa4e-8482-4fa4-b501-559a1952c172,principles and practice of constraint programming
e50f1875-36fc-4e83-aa31-7e34a88b52a6,principles and practice of constraint programming
e6c0ffd7-4930-4151-bd22-3f7fc65e737a,principles and practice of constraint programming
e963c3a5-8d9c-4c8b-8ee0-33e6de3c3cf8,principles and practice of constraint programming
ec103e3e-9d49-44e2-a44a-d3e0074204c6,principles and practice of constraint programming
ef210e5d-f8c3-444c-9f37-fa8a80f819b5,principles and practice of constraint programming
f03f5129-fe28-4091-96ef-9048f1529ec5,principles and practice of constraint programming
193ffa9b-4739-4312-906a-5c46c4e4a88e,principles and practice of constraint programming
195a5318-4a32-42fd-a0cf-02951f9a19b9,principles and practice of constraint programming
2cef2120-a61f-4e27-8840-406bdc730e6b,principles and practice of constraint programming
83ec3e5d-28f3-40ba-b061-bd7f82677272,principles and practice of constraint programming
9c810900-d1b7-47a6-8291-3f5d4e58dc16,principles and practice of constraint programming
c755837c-e1a9-466d-a4d6-d63c2ca3879c,principles and practice of constraint programming
cff3ac81-9d21-4a38-aa9f-b0bf28a28cd8,principles and practice of constraint programming
d9cb14ba-fc02-4532-bf12-0e0fd701ff9f,principles and practice of constraint programming
e0d0a350-e5fa-492a-88a6-770c35c12038,principles and practice of constraint programming
e7bf5bf6-492e-4cbe-af12-d1eacc3e5fab,principles and practice of constraint programming
ec37c8e4-f7be-4d21-9e61-75fd750d22e5,principles and practice of constraint programming
0222a943-0705-4b48-b395-9771d21a6c9b,Constraints - An International Journal
05a634b4-4a9d-4f35-921b-e63fab8f704b,Constraints - An International Journal
06d23dd5-1f53-4f14-9a9f-e6ce66b00cef,Constraints - An International Journal
071f4ae2-8fa6-49e2-88d0-f582ba323232,Constraints - An International Journal
0937ae09-e25c-45f0-984e-ef9ce38d2b31,Constraints - An International Journal
09abdf25-18fd-4892-be7c-21178d29f0d8,Constraints - An International Journal
10f8ad3d-a914-4a98-a3e1-f1273dae01d3,Constraints - An International Journal
1336f36a-3906-43a2-b49b-5a72b1ab508b,Constraints - An International Journal
13b27b75-6af9-45df-9d89-70a99096cef6,Constraints - An International Journal
1594d63f-5027-4cb2-9264-213ff71671a6,Constraints - An International Journal
15fefbcb-0dc2-480e-b7fa-fc7081b542f6,Constraints - An International Journal
16f6f060-f5d2-454e-940e-077a7370cc7f,Constraints - An International Journal
1cdc1291-218c-4baa-add4-46abf6841b8e,Constraints - An International Journal
1d0060f3-068e-4907-ac00-540612e32b37,Constraints - An International Journal
2037f4f1-2831-4d76-b796-a06be71c8ce7,Constraints - An International Journal
20d0efe0-a853-4755-8d32-8c51856c34f2,Constraints - An International Journal
22272711-93d4-4dcd-9e52-cd7d1e5b4f48,Constraints - An International Journal
2679253a-5263-4869-8ea7-507eeb1f664d,Constraints - An International Journal
2d1a25c1-10c5-4e3a-8891-d1ff7910f41c,Constraints - An International Journal
2d82cf0b-7c90-4f31-a9fe-7d43becd6c79,principles and practice of constraint programming
2f083eef-5d0b-44c7-9454-0d2590ed5c07,Constraints - An International Journal
33f38581-becd-43d4-abe6-bfead842a385,Constraints - An International Journal
38de47c4-43ca-4808-8634-83db867f3562,Constraints - An International Journal
3e29294c-d9d5-4648-820b-f945366f5c06,Constraints - An International Journal
3eafdf8d-25cc-49b3-9ec3-41299c745481,Constraints - An International Journal
3f1a2e1c-ff2a-4198-9a93-f41ccf30c4ac,Constraints - An International Journal
3fb28096-7468-4f51-81bb-a31a0de52e85,Constraints - An International Journal
3fe2807e-a3ea-4236-928f-21a7fc4101d7,Constraints - An International Journal
4182b7c1-6789-4fd1-be4e-3ed30d96cfb7,Constraints - An International Journal
46df37cd-5107-4ca7-b1bf-c3075de6ad0c,Constraints - An International Journal
478c60f0-2062-46f0-8893-598fafaa177a,Constraints - An International Journal
4a5df184-44bb-4034-84f5-dbe0156e8bf4,Constraints - An International Journal
4a6f1757-8322-47d2-8d6e-200b72daf840,principles and practice of constraint programming
4a813f98-7454-4b6d-8c88-6445351f3c7f,Constraints - An International Journal
4b8789ad-ca8f-4ac1-a0bc-1d445c4d58aa,Constraints - An International Journal
523d85f2-fb5c-441f-b424-60d085ab6f9b,principles and practice of constraint programming
54249658-239b-407f-8f16-aa51d95a56ee,principles and practice of constraint programming
58d4564e-cc1f-4fba-9dd5-ec50b7b7c807,Constraints - An International Journal
59b0134a-2de2-4fd9-9191-790f74217c3d,Constraints - An International Journal
5ed00727-fd0e-4cd8-95a0-5b2da6f72404,Constraints - An International Journal
5f8ef30b-cdcc-4eed-8ba6-570e8beb44c3,Constraints - An International Journal
6349ca79-749e-46fa-9eec-fbc86a79a9ea,Constraints - An International Journal
634cd1ea-071b-4389-b302-a8eaefa3fb9a,Constraints - An International Journal
6415e9e4-cd4e-48d8-8bd8-b424e6a55895,Constraints - An International Journal
65d20b93-82e0-4691-8480-14f9f3d180fe,Constraints - An International Journal
66230d82-d1f9-4eb6-ab5c-82ddc4c991da,Constraints - An International Journal
6981398d-a65d-467c-9ae2-cc8a6ef4a90f,principles and practice of constraint programming
6ba44033-9970-4c78-96d9-22f0c70e4c36,Constraints - An International Journal
732ac009-4a1f-471a-b6ed-707f66e18b6c,Constraints - An International Journal
74d28185-ff70-44f2-99cc-b3d68986fd93,Constraints - An International Journal
76b56cc9-21b1-47ff-abbc-f2cddd6d777b,Constraints - An International Journal
7b212a93-d5ed-46a8-95f7-790b33117131,Constraints - An International Journal
7b9ee137-6763-40e3-a99b-e2792d480640,Constraints - An International Journal
7c4990d9-85b0-4fcb-a5b4-e66d5588bd2a,Constraints - An International Journal
7ce8e941-fe21-4d40-b035-9ecfdb973040,Constraints - An International Journal
80cffdac-fc47-4915-90fd-75b7d0ef574f,Constraints - An International Journal
855c5cd0-1fc9-49be-a3e8-0d3a34409366,Constraints - An International Journal
8b0b6a49-69e8-4880-ace7-013db5cb14c0,Constraints - An International Journal
8d758f3a-dbe1-4178-954f-161887200482,Constraints - An International Journal
9099ba71-16c8-4990-9364-aa3ef191a9bd,Constraints - An International Journal
910b4b00-fa11-4372-820a-cad141df6442,Constraints - An International Journal
93bb144a-e22d-420a-9338-68896a8dc830,Constraints - An International Journal
9d4c415f-f200-4907-b687-6324b71c9ead,principles and practice of constraint programming
9e300b73-c298-49f3-bef6-6b0c69b9031b,principles and practice of constraint programming
9ef0d648-53b5-45ac-87f1-6227c1e7fd38,Constraints - An International Journal
a094de23-cb53-49f9-aa45-69892182272a,Constraints - An International Journal
a12d19d5-215a-4c35-ae11-ce8c8ca0ef26,Constraints - An International Journal
a1c9c6c6-0601-4a2b-a713-a659f7e3e963,Constraints - An International Journal
aa84e22f-5c87-49bb-b9aa-51f9d968f6ce,Constraints - An International Journal
ab05dda0-ea85-4ae4-ae58-2898af1bce3b,Constraints - An International Journal
ab97706c-8347-4a7f-b7e6-cd0598f09acb,Constraints - An International Journal
b18ef9d3-19e3-4378-990d-c689a837ac59,Constraints - An International Journal
b63398b7-03ea-404d-a720-b02dc7e3c9f2,Constraints - An International Journal
b801e915-e9e3-454c-bdd3-ea3b7c790693,Constraints - An International Journal
b92bc7d2-d8dc-4682-bccc-a24f4948dc61,Constraints - An International Journal
c21f8eed-9b8c-4f08-ae4d-ee31d319d484,principles and practice of constraint programming
c4891e51-4cff-448d-9bc5-dd1ef83cd8ec,Constraints - An International Journal
c72d20a2-56f3-4256-b746-ce26872b7b0d,Constraints - An International Journal
c886078a-f7c0-4e51-ac7d-9b147d0c792e,Constraints - An International Journal
ca1db559-2501-462c-8134-fb78e4419f02,Constraints - An International Journal
cdbc944a-1423-497e-90e4-f68723677708,Constraints - An International Journal
cecebf90-aff0-4be1-a427-cc08f5323175,Constraints - An International Journal
cfed5f70-02db-4270-84f7-57ec106ac635,Constraints - An International Journal
d1b9d313-199e-41ce-b057-bcea678b9227,Constraints - An International Journal
d309ca59-117c-46b2-8016-8917f0a51c70,Constraints - An International Journal
d3949101-363d-4603-b8ca-07f4b2bfaae8,Constraints - An International Journal
d5bbb80e-c651-4a8e-8831-4b1f8778dc80,Constraints - An International Journal
d7420e79-a114-42bc-b742-95f79885d988,principles and practice of constraint programming
d943ef41-cde5-4f64-8266-897edbe14bf4,Constraints - An International Journal
d9e2c832-463b-47bf-96fc-fa8940c0e2a9,Constraints - An International Journal
da932490-2a34-491a-8d34-c845274867ba,Constraints - An International Journal
db702551-b9b8-4bcb-94f1-16cb95d42f4e,Constraints - An International Journal
ddb1720c-08f1-40bf-bb3c-b3851a72ab44,Constraints - An International Journal
df9f129c-c428-4728-babe-9f417875a526,Constraints - An International Journal
e0f61112-d836-4728-898c-40fbb35a8dba,Constraints - An International Journal
e3d20ac0-33ae-4a1c-8eb1-d7987fbd52b7,principles and practice of constraint programming
e44a99aa-ec56-4fcb-a5db-b20919e4989a,Constraints - An International Journal
e6099830-4187-4a85-955d-8087912fe9df,Constraints - An International Journal
e67ae585-9a1f-465b-b364-e3d2851017e4,Constraints - An International Journal
e72d04bb-a420-4277-94eb-fce482f61ff9,Constraints - An International Journal
ef7e2a51-e7c1-418d-9bf9-0fd40b16a7de,Constraints - An International Journal
f02a0ea4-3fe1-4390-9253-25697aa8dba6,Constraints - An International Journal
f142a2c6-7f6b-4ae4-a428-1199f69e3858,Constraints - An International Journal
f6871dc5-7a11-49c4-a775-6ecda2fd2d84,Constraints - An International Journal
f9f7b517-6f09-4e44-abfd-c55665b723e0,Constraints - An International Journal
fa365549-6a21-4024-a961-ae235856209e,Constraints - An International Journal
fefd2e79-ee81-472d-8e33-0e949af6f592,Constraints - An International Journal
02b47809-61fc-472f-be3d-2007acfaf5e5,principles and practice of constraint programming
06567767-ebe4-4c1f-8d11-275ca8aa9bb9,Constraints - An International Journal
07430183-8101-4fdf-92e5-b2a79bd2dc68,principles and practice of constraint programming
09b989db-8eeb-4d1b-a3ae-02edd5af920d,principles and practice of constraint programming
0cd673c1-10d2-41cf-a658-c3a7fd8dae02,Constraints - An International Journal
0ce4cf1b-68fc-4ff8-8676-eaf952863377,Constraints - An International Journal
0e19ade8-70a7-4bee-9781-cdbf3bd9baf9,principles and practice of constraint programming
141be5eb-a5e0-43d3-8003-15cc0c533bc7,principles and practice of constraint programming
2069be53-d4ea-4302-9f64-f07763065605,principles and practice of constraint programming
25aab7c9-f4d8-4636-83d5-c34d6da6130e,principles and practice of constraint programming
269e0974-3fe3-4583-9550-4b1e2eb35735,Constraints - An International Journal
26a79033-af0c-4230-b279-2bf683ddd0f6,principles and practice of constraint programming
2885fb28-b3de-4ac6-837a-4b574eb2bff7,principles and practice of constraint programming
2922daae-55b2-4024-9be1-927b635ffe55,principles and practice of constraint programming
2c8ef837-3655-4828-ae2c-f400a8ca8f49,principles and practice of constraint programming
2d88b621-7b03-4493-b742-4cddd1f708b7,principles and practice of constraint programming
2e14cdfb-e816-42f8-b6f0-94a36da61f1c,principles and practice of constraint programming
2e270ca0-504f-4e37-9bac-4b4af1a8be56,principles and practice of constraint programming
3071695a-2efb-4626-bcdd-4b924645012d,Constraints - An International Journal
361d8620-b4df-4964-a989-96f63123d7fe,Constraints - An International Journal
3c966e4a-7db8-48fe-b589-13f9f5cff47c,principles and practice of constraint programming
3eee5199-f960-4070-8d70-b0ef973730e5,principles and practice of constraint programming
3f7125bf-1107-420f-acb9-13682e6e3209,principles and practice of constraint programming
400e44e1-81c7-48fe-9cff-e18706199039,principles and practice of constraint programming
4334d2ea-c75e-4627-9bb0-6248c3343502,principles and practice of constraint programming
44c6a10a-5266-45ab-99a2-bc7b547e5f43,principles and practice of constraint programming
47706641-11f6-4fea-8419-4ebc65fa0ca4,principles and practice of constraint programming
4a9f84fa-e9fd-4986-8c51-472464625fa6,Constraints - An International Journal
4f36fccb-5486-4aa5-b192-1a74b22e24c7,principles and practice of constraint programming
53748713-67b3-4153-9555-2c03941b9cb7,Constraints - An International Journal
59a67adf-4a58-4611-9688-1ed3e28c725a,principles and practice of constraint programming
5af8f8a1-983a-4eb5-8ddc-ce1cdb797800,principles and practice of constraint programming
5f29d303-cce9-45e9-9c22-927b612248eb,principles and practice of constraint programming
6201b8d0-69b3-4552-b0fe-513fc73f4f39,Constraints - An International Journal
6e3cf67e-5554-4768-bc02-a121d4f28107,principles and practice of constraint programming
70d74cc8-9067-4cca-947c-e4889b1e6e93,principles and practice of constraint programming
786bf53d-779d-482a-9d6e-41f973553d18,principles and practice of constraint programming
79ad1b1d-593f-4ec1-90e0-94147cbd4334,principles and practice of constraint programming
7a8fedd3-d777-4c8f-9c1c-0b277eb67f5a,principles and practice of constraint programming
859b2c3f-ebf5-43b9-a285-4ac0fbfced2f,Constraints - An International Journal
8791983b-05d8-44ce-b6fd-b7dc7e85c241,principles and practice of constraint programming
896dda4f-cf87-4b25-a3b1-950b973cd095,principles and practice of constraint programming
8c21330e-93f0-42d5-a961-92253fbbe41e,Constraints - An International Journal
8d9867f3-f52e-47a3-be22-7a1ee5e486a7,principles and practice of constraint programming
8f7eea89-617f-4308-bf18-4a42c1a4ba33,principles and practice of constraint programming
92c2a758-b20b-4ca9-8e49-aaedbe945aac,Constraints - An International Journal
94f648e1-4994-4aaa-9b0c-f594bccbf45f,Constraints - An International Journal
98c496f4-cd32-496c-8605-c022fee513be,principles and practice of constraint programming
9910d11e-3d58-42eb-8fba-215894a18506,Constraints - An International Journal
a014c462-5764-4c81-a6b8-66248567b3aa,principles and practice of constraint programming
a15bd855-efc1-4738-a89b-d884aad8bec6,principles and practice of constraint programming
a19d1de1-48c0-420c-93c3-b4f269a8205a,Constraints - An International Journal
a3ef783a-d620-41e5-b451-828a6a6229b3,Constraints - An International Journal
a53eeb06-660a-4044-8ecc-29c4b78b23f5,principles and practice of constraint programming
a9330298-be13-4fde-863b-f5470ee537c0,principles and practice of constraint programming
abb112fd-6019-4525-be63-bb2a617c7d08,principles and practice of constraint programming
b3dd9e52-922f-4ca0-9f4d-f5765b580574,principles and practice of constraint programming
b93f0735-1962-45fb-8f52-a632a972b103,principles and practice of constraint programming
ba45c501-4e3c-474c-8f5b-33d98be8911b,principles and practice of constraint programming
bbd8d693-5aec-462f-a5d9-0c0bd93e38cf,Constraints - An International Journal
bddd7ba1-dc00-4160-b1b0-8ad39ed2fe6e,principles and practice of constraint programming
c0a5a808-7259-4d1e-8396-60fbba253849,principles and practice of constraint programming
c0f62e73-10d2-4f4b-bea9-286def61f7d2,principles and practice of constraint programming
c8919141-d5e7-49bc-a049-db7c3f1d1c30,principles and practice of constraint programming
c8c624b3-5cf9-4442-a249-64eb71016ee9,principles and practice of constraint programming
cddbc362-8f93-438f-b226-80a6f82ee58b,Constraints - An International Journal
d27b4d46-80e4-4586-a455-f3980b2478f9,principles and practice of constraint programming
d6874d6b-9577-4805-aa8a-69f742ceaa8a,principles and practice of constraint programming
d6f1c3aa-bac9-4f87-a024-31b4c601232d,Constraints - An International Journal
d94c2f9e-b8d2-40c6-a727-b1622a1b6397,principles and practice of constraint programming
dcc3799f-c0bc-4472-ba52-4cc872f974c5,principles and practice of constraint programming
dd77cd97-2d54-4cbf-82be-65a3d7eb3758,Constraints - An International Journal
dd8af1ee-b58f-4317-9c10-8ef2adf19758,principles and practice of constraint programming
e188a64b-b7da-4c84-9d05-d7e8f3ec3822,principles and practice of constraint programming
e1ad9413-f20f-430a-b1b8-2d8467dcbbc8,Constraints - An International Journal
e26860a3-85cd-47f1-9b08-e47842cd68f2,principles and practice of constraint programming
e6ac27c4-0b22-4e6e-9c3e-03f94e9f7e98,Constraints - An International Journal
f1b25a3a-308c-4521-82fc-1279b9ed0f92,principles and practice of constraint programming
f7270eb8-9b6b-4bfa-bcac-3208697d94a2,principles and practice of constraint programming
f7da21e2-d652-4211-8804-8159d3c842ae,Constraints - An International Journal
f8f9df5c-d821-41f3-8fd3-a2cd0c563802,Constraints - An International Journal
fb362ee6-ed91-45fd-9a0d-2881662cedcf,principles and practice of constraint programming
fb527da0-f801-4779-a80f-81ae10c86b51,principles and practice of constraint programming
fc80a4b7-2de8-4108-9ade-8843ea41192f,principles and practice of constraint programming
ff5fafc2-9802-47aa-a3ba-a81a6b8a22d8,principles and practice of constraint programming
136ed27a-a050-43d0-b505-617291d31f86,principles and practice of constraint programming
3c835729-3cb7-4be2-9398-ca87bded2b84,principles and practice of constraint programming
3ecc9ed5-4a7e-4526-9879-1398308fa9e9,principles and practice of constraint programming
a189b2cf-2fa3-439b-83cc-dc1a9f43c4fe,principles and practice of constraint programming
da78b178-600d-4ce4-ba39-dffaff5bfdfc,principles and practice of constraint programming
990d588d-bf52-41c1-9d8f-7070b6a1ad4d,principles and practice of constraint programming
dd5f11c5-0243-4c2a-a992-b81890ccd998,principles and practice of constraint programming
93f0131c-7a65-4fa3-9d70-49d0129ae7a1,Constraints - An International Journal
b6f1ee9d-f1e4-4946-9300-89087c379fd7,principles and practice of constraint programming
9395293c-ddec-4ab9-9cfb-126987a5c1ff,principles and practice of constraint programming
3f2f85a1-f923-43d8-b0ba-3899bf37e3c5,Constraints - An International Journal
4012e6bb-571e-479f-a93c-e99925c02ecf,Constraints - An International Journal
40e1fda8-4415-46ad-a893-d3b79726c66c,principles and practice of constraint programming
89a2d7f4-cfd2-4803-913f-7f6f408ce251,principles and practice of constraint programming
932e3317-19de-4d5a-98da-0ae91d066d84,principles and practice of constraint programming
a7f78b1b-02f8-436a-91f0-398067f79173,principles and practice of constraint programming
e0aa07a3-0319-4d51-84fd-3be377347f06,principles and practice of constraint programming
8806c7cb-c3fc-4b5f-bb4a-01675e1c90dc,principles and practice of constraint programming
a336a5a9-d512-4892-b1e7-152119db298a,principles and practice of constraint programming
ac4258a2-2905-403b-9023-fc2db57f55b5,principles and practice of constraint programming
d0a6ad1d-adeb-4d04-abde-ba86a55486f0,principles and practice of constraint programming
c0cb6d83-9396-48d0-9759-91b6d5b99af8,principles and practice of constraint programming
3fb910f4-a8bd-4464-993e-de71e76fd0d3,principles and practice of constraint programming
70f0f7f8-f0c2-4ed0-bfc1-df0c3f27e87f,principles and practice of constraint programming
a8ea2649-07ad-4c37-8eb2-5f08b110d8cb,principles and practice of constraint programming
fb8e715f-1558-46be-8af7-8d1c28254262,principles and practice of constraint programming
1c09dde8-2b6e-4a5b-aa87-4bfd3f7e63b9,Constraints - An International Journal
0070974d-e782-4620-bff0-6e129b2791b1,principles and practice of constraint programming
02ee4008-089e-4097-8a2c-6d41068a4133,principles and practice of constraint programming
cce11670-c973-4754-9800-1e09cbb8b019,Constraints - An International Journal
eb98f285-4453-4d8d-ab94-7368401b0c3c,principles and practice of constraint programming
f7ff8d8d-bd0f-487f-ad8c-4559efbad37c,Constraints - An International Journal
88821319-7320-4066-a367-8a2a3c733090,principles and practice of constraint programming
a74af6f2-d015-491e-9d30-c5b4fee60bcc,principles and practice of constraint programming
ecc15362-4c42-469b-9688-b94edde29cc5,principles and practice of constraint programming
31238ed7-ae1e-4293-81ba-41a519156bec,principles and practice of constraint programming
3fc74d3f-0b3f-455c-9895-02070caf621c,principles and practice of constraint programming
5a4e642c-a5a8-4d42-a9ab-83595f4d8139,principles and practice of constraint programming
661f973b-54eb-465e-9fcb-e76bf67089dc,principles and practice of constraint programming
7d56efd5-5b97-4d8a-aaf0-842d1c4381ea,principles and practice of constraint programming
8ea7544c-4543-4d68-b41a-5f05e19943b8,principles and practice of constraint programming
90c60ff0-1e6d-41d2-9183-33fd4f8b9208,principles and practice of constraint programming
98d8d078-993a-441b-b75a-4a9abb6fbede,principles and practice of constraint programming
995d1e93-bc05-4e38-99ca-6d06cb0b68bd,principles and practice of constraint programming
9d5bbd2e-ab9e-4212-8a6a-c673dd700279,principles and practice of constraint programming
ca970fca-f716-44ed-8b81-03652acd43bf,principles and practice of constraint programming
cc7c7ea7-5952-4750-aaa7-9c6f8db9f3cc,principles and practice of constraint programming
d6a649bd-7f91-4be5-8700-81e842cf998b,principles and practice of constraint programming
d8fa28f1-4e5b-43e1-9fed-44f76ff442a1,principles and practice of constraint programming
f41e5714-6ec3-4b01-ae73-8acc53caac80,principles and practice of constraint programming
105e49b2-e8de-41c5-9434-f8a4f83d1ec3,principles and practice of constraint programming
277282c0-f1fc-4a79-837c-c5a28c2634fc,principles and practice of constraint programming
3ebcb096-82c8-4f58-9b53-7b7f888c5d68,principles and practice of constraint programming
4a56be3d-b9bb-48e7-9372-9f36dc0dc152,principles and practice of constraint programming
0282f52a-3228-4727-b84e-e15559869742,Constraints - An International Journal
f5dca046-9499-40b8-9b22-f0fe38612ec0,principles and practice of constraint programming
7e9219a8-b20d-46b6-b3a4-ea98a41b09cd,principles and practice of constraint programming
3eb5249d-11b0-48ab-96d7-19103a097d4b,principles and practice of constraint programming
10927041-c6dd-4f3e-a24d-5e89acc57cea,principles and practice of constraint programming
8b5983f9-8279-474c-95fe-12eb8544374d,principles and practice of constraint programming
a59c462f-04c5-4a6c-bae9-add06cef8980,principles and practice of constraint programming
bfb875c8-d4fa-4ba3-ad4c-413795347b3d,principles and practice of constraint programming
ff345ac0-b62b-4d69-999c-54601b4e39f0,principles and practice of constraint programming
05dd4fad-3e42-4a15-9f7f-fc12599ea6af,Constraints - An International Journal
8ab4ecea-775e-47cb-94c7-8536bb83e573,principles and practice of constraint programming
b0777d4d-d64c-48a4-bf46-7de274896ad0,principles and practice of constraint programming
ebf986d4-ef45-4499-9051-2df08cce8642,principles and practice of constraint programming
e9c188ca-f102-49bd-b0fd-7c627ea133ec,principles and practice of constraint programming
5771d554-e350-4a65-8379-1a0f925bb0ed,principles and practice of constraint programming
b17b595f-4e04-46ad-a861-315b35e52b9a,principles and practice of constraint programming
bd084ea2-e875-48f7-9f03-1f309f06eec2,principles and practice of constraint programming
6ae2a42a-aa08-4303-acb4-340488cabd86,principles and practice of constraint programming
992c15c3-2578-4f9d-ae15-eb671ecffa9d,principles and practice of constraint programming
66e10e7b-fe20-4311-8e98-5e6e8bc66417,principles and practice of constraint programming
44e3f6e3-4afc-42ae-9d0d-d8e5a7fa33d5,principles and practice of constraint programming
86988853-8366-4bb5-99b6-4c3b5ed7c5c9,Constraints - An International Journal
17ec2448-8b2a-424b-9b4e-bba6a7ab2876,principles and practice of constraint programming
5ee4bffa-d7bd-4e53-8176-596d235ee8ec,principles and practice of constraint programming
9a8726b6-e0fc-422e-8c36-4c6deaad5d21,principles and practice of constraint programming
9b6c9b2a-6d94-4a18-8549-74eb82258c4d,principles and practice of constraint programming
9820bab2-1fd7-4bd2-8548-aa074267411d,principles and practice of constraint programming
59c72f59-313f-4ee0-bc62-c8b4b9e5cf6a,principles and practice of constraint programming
275595fc-c8a3-4ab5-9fd1-c287bd08a3e4,principles and practice of constraint programming
c9bbf1b2-2de1-410d-bc83-8718f553785a,principles and practice of constraint programming
2a1bcd4f-66e4-4fd7-a284-cb6a680f690e,principles and practice of constraint programming
fb68f1bf-a430-4670-b41b-2b8dae0b417a,principles and practice of constraint programming
ee5d4459-55df-4f22-8f06-26d23aeeb1f9,principles and practice of constraint programming
a89c0bb2-c87e-4303-8fec-13637ea19cc5,principles and practice of constraint programming
c06dbf7f-7403-4251-adc5-cb49903dc71d,principles and practice of constraint programming
c5dbf477-ad7f-4253-8046-c9fa01675409,principles and practice of constraint programming
d11cff5a-85f8-479d-9e01-56fbe2a07aea,principles and practice of constraint programming
95a5aac1-f53a-4dc6-8c0b-55a1cdf137a5,Constraints - An International Journal
284ecb97-dd95-4479-b881-099825f567c5,Constraints - An International Journal
24e924df-06df-48c3-a346-875d0b83d993,Constraints - An International Journal
f565b26d-e8e6-47cd-bdb2-9349f0a09cc6,principles and practice of constraint programming
ca362e2a-10a2-4ec7-9666-b922746a41a8,principles and practice of constraint programming
e7379196-e5e8-428f-8d73-11671f9c53bc,principles and practice of constraint programming
21722874-5d7c-4397-a5b8-b0563593525f,Constraints - An International Journal
63e6a68a-9cbf-46b0-b6ae-a95e9e4504e2,principles and practice of constraint programming
28d7dafb-2b7a-48cc-bd37-6c5a3847645b,principles and practice of constraint programming
a0f9134e-bc57-4d59-a672-d67165ba9be7,principles and practice of constraint programming
5a11d7ae-a61d-404b-bf6a-a1cab9c8a223,Constraints - An International Journal
24d49570-8ab7-478e-88e4-174355fa1faa,principles and practice of constraint programming
49ff6e0a-d20d-4841-862c-026c0048265c,principles and practice of constraint programming
454845a9-1824-4dee-b35f-a5c8f78a9b26,Constraints - An International Journal
8c007f9d-94f9-45e0-b3d6-c2203f7992c6,principles and practice of constraint programming
bca66e3f-5c44-4ad8-b338-a62159930c2a,principles and practice of constraint programming
96a25856-c5ed-4f7d-bf0e-d75b75d0ea7e,Constraints - An International Journal
a2eafc37-f998-4ddc-803a-ce55ded27416,Constraints - An International Journal
6d475960-7a84-4952-9e02-26110ad604ab,principles and practice of constraint programming
ec05eb70-1ca0-4164-a95f-e29dc82d0bfe,principles and practice of constraint programming
83eaa0e8-6ef3-41a5-b3da-40bd3328ddb7,principles and practice of constraint programming
21b2ea40-8cf4-46c1-855f-97131a24fbd0,Constraints - An International Journal
589eac01-0173-443d-a30a-6d9cc3468803,Constraints - An International Journal
